size, comparison
1,1
2,1
3,1
4,2
5,3
6,1
7,2
8,2
9,3
10,6
11,3
12,5
13,7
14,2
15,3
16,2
17,3
18,8
19,3
20,4
21,7
22,4
23,5
24,4
25,3
26,5
27,8
28,2
29,5
30,4
31,6
32,4
33,3
34,3
35,4
36,7
37,6
38,3
39,7
40,4
41,6
42,7
43,6
44,4
45,3
46,5
47,7
48,4
49,2
50,6
51,5
52,5
53,9
54,8
55,3
56,2
57,6
58,5
59,8
60,4
61,5
62,6
63,7
64,4
65,6
66,7
67,7
68,7
69,5
70,8
71,6
72,9
73,6
74,6
75,3
76,6
77,8
78,6
79,10
80,4
81,6
82,6
83,11
84,7
85,7
86,6
87,7
88,8
89,4
90,6
91,7
92,12
93,6
94,7
95,4
96,4
97,6
98,2
99,3
100,11
101,7
102,9
103,8
104,7
105,11
106,9
107,6
108,9
109,10
110,8
111,7
112,2
113,8
114,6
115,13
116,5
117,6
118,8
119,9
120,4
121,10
122,11
123,10
124,9
125,3
126,7
127,11
128,4
129,12
130,6
131,6
132,12
133,4
134,7
135,11
136,4
137,9
138,12
139,4
140,8
141,12
142,11
143,13
144,9
145,9
146,6
147,7
148,6
149,10
150,11
151,8
152,6
153,5
154,8
155,6
156,8
157,7
158,7
159,9
160,4
161,5
162,4
163,8
164,6
165,3
166,8
167,7
168,12
169,13
170,7
171,9
172,12
173,13
174,9
175,12
176,6
177,8
178,4
179,9
180,9
181,5
182,10
183,5
184,12
185,7
186,12
187,8
188,7
189,11
190,12
191,8
192,4
193,9
194,6
195,6
196,2
197,10
198,12
199,9
200,14
201,7
202,7
203,7
204,9
205,10
206,10
207,5
208,14
209,10
210,10
211,11
212,14
213,6
214,6
215,6
216,9
217,11
218,6
219,7
220,8
221,12
222,9
223,11
224,12
225,3
226,8
227,8
228,6
229,10
230,8
231,7
232,9
233,8
234,6
235,7
236,8
237,10
238,9
239,6
240,4
241,4
242,10
243,6
244,10
245,10
246,10
247,6
248,13
249,8
250,12
251,5
252,7
253,13
254,13
255,9
256,4
257,9
258,12
259,10
260,14
261,9
262,6
263,12
264,13
265,14
266,9
267,4
268,10
269,11
270,8
271,8
272,12
273,7
274,8
275,3
276,12
277,8
278,7
279,6
280,8
281,15
282,12
283,11
284,13
285,7
286,13
287,7
288,10
289,12
290,9
291,8
292,7
293,9
294,10
295,8
296,6
297,8
298,10
299,13
300,11
301,12
302,8
303,7
304,13
305,11
306,9
307,4
308,8
309,10
310,6
311,12
312,13
313,11
314,14
315,11
316,7
317,9
318,9
319,10
320,4
321,7
322,5
323,3
324,13
325,14
326,14
327,13
328,6
329,9
330,9
331,7
332,8
333,9
334,6
335,10
336,12
337,6
338,13
339,11
340,7
341,13
342,9
343,10
344,12
345,8
346,13
347,16
348,9
349,8
350,12
351,13
352,6
353,8
354,12
355,9
356,4
357,9
358,13
359,10
360,9
361,6
362,5
363,8
364,13
365,6
366,10
367,12
368,13
369,13
370,9
371,9
372,12
373,10
374,15
375,3
376,9
377,5
378,13
379,4
380,12
381,8
382,8
383,13
384,4
385,8
386,7
387,12
388,16
389,11
390,6
391,5
392,2
393,13
394,12
395,11
396,12
397,11
398,9
399,9
400,14
401,13
402,7
403,13
404,7
405,8
406,10
407,13
408,15
409,11
410,10
411,8
412,12
413,8
414,8
415,9
416,14
417,4
418,10
419,10
420,10
421,12
422,12
423,9
424,14
425,15
426,13
427,7
428,12
429,16
430,6
431,13
432,9
433,14
434,11
435,9
436,6
437,8
438,7
439,11
440,8
441,6
442,13
443,11
444,9
445,4
446,8
447,10
448,12
449,7
450,8
451,7
452,8
453,13
454,11
455,17
456,6
457,7
458,14
459,9
460,15
461,8
462,9
463,10
464,12
465,12
466,12
467,13
468,13
469,15
470,7
471,7
472,8
473,8
474,14
475,15
476,12
477,9
478,6
479,6
480,4
481,10
482,10
483,9
484,13
485,6
486,13
487,9
488,10
489,8
490,10
491,7
492,13
493,9
494,16
495,3
496,13
497,13
498,8
499,8
500,15
501,7
502,5
503,14
504,13
505,9
506,9
507,13
508,10
509,17
510,15
511,17
512,13
513,10
514,14
515,18
516,12
517,11
518,10
519,10
520,14
521,12
522,9
523,7
524,11
525,10
526,11
527,9
528,10
529,14
530,14
531,12
532,9
533,17
534,4
535,6
536,14
537,9
538,11
539,14
540,10
541,10
542,14
543,7
544,12
545,13
546,13
547,7
548,17
549,10
550,8
551,10
552,12
553,11
554,16
555,7
556,7
557,11
558,12
559,10
560,12
561,18
562,15
563,14
564,8
565,8
566,9
567,13
568,13
569,14
570,10
571,4
572,11
573,13
574,10
575,8
576,10
577,12
578,9
579,9
580,9
581,11
582,12
583,14
584,7
585,6
586,9
587,6
588,10
589,13
590,8
591,12
592,13
593,3
594,10
595,11
596,10
597,7
598,13
599,15
600,15
601,11
602,12
603,14
604,13
605,14
606,7
607,11
608,10
609,7
610,11
611,12
612,9
613,5
614,14
615,10
616,8
617,10
618,10
619,14
620,12
621,8
622,14
623,7
624,16
625,12
626,12
627,10
628,13
629,9
630,10
631,17
632,7
633,11
634,9
635,8
636,9
637,10
638,10
639,13
640,4
641,10
642,15
643,12
644,9
645,10
646,3
647,9
648,13
649,8
650,14
651,15
652,10
653,8
654,16
655,11
656,13
657,7
658,9
659,9
660,10
661,7
662,7
663,14
664,8
665,4
666,9
667,15
668,14
669,14
670,10
671,14
672,12
673,8
674,6
675,8
676,13
677,8
678,11
679,14
680,15
681,7
682,13
683,10
684,10
685,8
686,10
687,10
688,12
689,14
690,8
691,9
692,13
693,15
694,16
695,8
696,9
697,15
698,8
699,14
700,13
701,11
702,13
703,8
704,6
705,9
706,11
707,7
708,12
709,10
710,14
711,10
712,4
713,11
714,9
715,13
716,16
717,6
718,14
719,7
720,10
721,18
722,6
723,18
724,13
725,6
726,13
727,6
728,13
729,11
730,6
731,8
732,10
733,10
734,13
735,10
736,13
737,9
738,13
739,12
740,10
741,12
742,9
743,11
744,19
745,10
746,13
747,12
748,13
749,7
750,15
751,11
752,9
753,16
754,5
755,14
756,13
757,8
758,4
759,9
760,10
761,11
762,14
763,10
764,13
765,14
766,13
767,13
768,4
769,9
770,8
771,14
772,7
773,11
774,12
775,11
776,16
777,10
778,11
779,14
780,14
781,6
782,13
783,12
784,2
785,12
786,13
787,8
788,12
789,12
790,11
791,13
792,10
793,12
794,8
795,14
796,12
797,8
798,9
799,7
800,14
801,11
802,13
803,7
804,14
805,11
806,13
807,13
808,16
809,10
810,12
811,7
812,10
813,12
814,13
815,10
816,11
817,10
818,12
819,13
820,13
821,12
822,8
823,17
824,12
825,3
826,8
827,8
828,12
829,10
830,9
831,9
832,16
833,11
834,17
835,14
836,10
837,6
838,10
839,11
840,10
841,12
842,12
843,6
844,12
845,13
846,15
847,14
848,14
849,16
850,15
851,20
852,13
853,10
854,11
855,10
856,12
857,16
858,18
859,16
860,15
861,16
862,11
863,10
864,10
865,10
866,15
867,9
868,14
869,8
870,9
871,18
872,6
873,7
874,11
875,12
876,15
877,8
878,11
879,11
880,10
881,10
882,11
883,9
884,16
885,11
886,11
887,11
888,10
889,14
890,4
891,8
892,8
893,12
894,19
895,16
896,11
897,9
898,12
899,9
900,9
901,9
902,7
903,12
904,13
905,7
906,13
907,10
908,16
909,7
910,18
911,14
912,10
913,14
914,7
915,17
916,13
917,12
918,9
919,10
920,15
921,14
922,15
923,13
924,9
925,20
926,14
927,17
928,12
929,11
930,12
931,11
932,12
933,12
934,13
935,13
936,13
937,7
938,18
939,19
940,7
941,14
942,13
943,8
944,12
945,11
946,13
947,16
948,11
949,17
950,17
951,9
952,11
953,8
954,9
955,13
956,14
957,16
958,6
959,10
960,4
961,11
962,10
963,11
964,10
965,14
966,9
967,6
968,13
969,13
970,6
971,13
972,13
973,18
974,9
975,18
976,10
977,12
978,10
979,13
980,10
981,13
982,10
983,13
984,13
985,12
986,13
987,12
988,10
989,15
990,10
991,13
992,19
993,13
994,13
995,9
996,8
997,11
998,8
999,9
1000,15
1001,18
1002,14
1003,13
1004,16
1005,18
1006,14
1007,12
1008,11
1009,18
1010,13
1011,6
1012,9
1013,12
1014,13
1015,18
1016,10
1017,11
1018,15
1019,13
1020,15
1021,8
1022,20
1023,15
1024,13
1025,16
1026,10
1027,9
1028,14
1029,11
1030,19
1031,10
1032,12
1033,13
1034,15
1035,8
1036,10
1037,14
1038,17
1039,11
1040,14
1041,11
1042,15
1043,20
1044,9
1045,10
1046,15
1047,8
1048,20
1049,21
1050,18
1051,12
1052,11
1053,13
1054,10
1055,18
1056,10
1057,10
1058,11
1059,8
1060,14
1061,20
1062,15
1063,15
1064,13
1065,14
1066,16
1067,12
1068,4
1069,13
1070,6
1071,11
1072,14
1073,10
1074,16
1075,6
1076,10
1077,10
1078,14
1079,15
1080,10
1081,9
1082,10
1083,6
1084,16
1085,11
1086,19
1087,17
1088,11
1089,8
1090,11
1091,18
1092,13
1093,16
1094,16
1095,15
1096,12
1097,8
1098,10
1099,7
1100,8
1101,13
1102,10
1103,17
1104,12
1105,14
1106,11
1107,7
1108,16
1109,11
1110,10
1111,9
1112,7
1113,9
1114,11
1115,11
1116,12
1117,9
1118,10
1119,12
1120,12
1121,8
1122,7
1123,13
1124,6
1125,3
1126,14
1127,11
1128,14
1129,5
1130,8
1131,16
1132,9
1133,12
1134,13
1135,8
1136,7
1137,17
1138,19
1139,9
1140,10
1141,10
1142,11
1143,8
1144,17
1145,10
1146,13
1147,16
1148,16
1149,12
1150,8
1151,9
1152,11
1153,14
1154,12
1155,18
1156,13
1157,13
1158,15
1159,12
1160,9
1161,9
1162,12
1163,13
1164,14
1165,14
1166,15
1167,15
1168,15
1169,7
1170,6
1171,18
1172,9
1173,5
1174,9
1175,14
1176,11
1177,7
1178,13
1179,10
1180,8
1181,19
1182,12
1183,13
1184,11
1185,9
1186,11
1187,12
1188,10
1189,14
1190,11
1191,14
1192,19
1193,15
1194,9
1195,6
1196,16
1197,9
1198,15
1199,6
1200,14
1201,13
1202,18
1203,12
1204,12
1205,4
1206,14
1207,11
1208,13
1209,16
1210,12
1211,10
1212,7
1213,13
1214,16
1215,12
1216,16
1217,13
1218,12
1219,13
1220,12
1221,16
1222,10
1223,19
1224,11
1225,12
1226,13
1227,12
1228,15
1229,11
1230,10
1231,13
1232,15
1233,8
1234,10
1235,16
1236,17
1237,18
1238,14
1239,12
1240,16
1241,9
1242,8
1243,8
1244,14
1245,16
1246,13
1247,10
1248,16
1249,20
1250,12
1251,18
1252,12
1253,14
1254,10
1255,16
1256,16
1257,10
1258,9
1259,14
1260,9
1261,15
1262,18
1263,12
1264,11
1265,13
1266,18
1267,13
1268,9
1269,16
1270,13
1271,14
1272,15
1273,12
1274,10
1275,15
1276,13
1277,17
1278,13
1279,16
1280,4
1281,11
1282,16
1283,11
1284,12
1285,14
1286,15
1287,16
1288,16
1289,12
1290,18
1291,9
1292,12
1293,16
1294,9
1295,10
1296,15
1297,12
1298,8
1299,14
1300,14
1301,11
1302,13
1303,10
1304,10
1305,9
1306,16
1307,13
1308,16
1309,18
1310,9
1311,12
1312,16
1313,13
1314,7
1315,19
1316,9
1317,8
1318,11
1319,12
1320,10
1321,10
1322,19
1323,15
1324,7
1325,14
1326,14
1327,20
1328,8
1329,11
1330,11
1331,13
1332,9
1333,13
1334,17
1335,4
1336,12
1337,14
1338,16
1339,10
1340,10
1341,16
1342,14
1343,11
1344,11
1345,11
1346,13
1347,7
1348,6
1349,17
1350,8
1351,14
1352,13
1353,7
1354,8
1355,8
1356,13
1357,13
1358,14
1359,13
1360,13
1361,10
1362,15
1363,16
1364,16
1365,18
1366,10
1367,12
1368,10
1369,14
1370,8
1371,7
1372,11
1373,11
1374,13
1375,3
1376,12
1377,7
1378,14
1379,10
1380,13
1381,14
1382,15
1383,8
1384,13
1385,13
1386,14
1387,11
1388,16
1389,10
1390,13
1391,14
1392,12
1393,13
1394,7
1395,12
1396,8
1397,12
1398,15
1399,10
1400,12
1401,11
1402,15
1403,12
1404,13
1405,15
1406,12
1407,18
1408,6
1409,12
1410,14
1411,15
1412,11
1413,13
1414,7
1415,11
1416,15
1417,16
1418,10
1419,13
1420,14
1421,7
1422,11
1423,11
1424,4
1425,17
1426,11
1427,12
1428,11
1429,11
1430,18
1431,9
1432,16
1433,3
1434,6
1435,16
1436,14
1437,13
1438,10
1439,20
1440,10
1441,13
1442,16
1443,16
1444,6
1445,13
1446,16
1447,10
1448,13
1449,18
1450,6
1451,11
1452,14
1453,17
1454,6
1455,14
1456,16
1457,12
1458,9
1459,12
1460,15
1461,11
1462,18
1463,15
1464,10
1465,11
1466,10
1467,8
1468,13
1469,11
1470,10
1471,14
1472,13
1473,7
1474,18
1475,9
1476,13
1477,18
1478,12
1479,9
1480,10
1481,17
1482,14
1483,12
1484,14
1485,10
1486,11
1487,14
1488,19
1489,13
1490,13
1491,13
1492,22
1493,10
1494,12
1495,13
1496,14
1497,8
1498,20
1499,10
1500,15
1501,8
1502,12
1503,11
1504,14
1505,15
1506,16
1507,9
1508,5
1509,14
1510,9
1511,9
1512,13
1513,17
1514,10
1515,9
1516,4
1517,6
1518,9
1519,18
1520,10
1521,13
1522,11
1523,15
1524,14
1525,11
1526,10
1527,15
1528,13
1529,17
1530,15
1531,20
1532,20
1533,15
1534,13
1535,13
1536,11
1537,16
1538,9
1539,11
1540,8
1541,17
1542,14
1543,10
1544,7
1545,18
1546,15
1547,18
1548,16
1549,3
1550,5
1551,7
1552,16
1553,12
1554,13
1555,7
1556,16
1557,11
1558,11
1559,12
1560,16
1561,13
1562,15
1563,14
1564,16
1565,10
1566,11
1567,17
1568,12
1569,14
1570,14
1571,13
1572,11
1573,12
1574,13
1575,11
1576,20
1577,16
1578,8
1579,13
1580,14
1581,14
1582,12
1583,15
1584,19
1585,15
1586,15
1587,14
1588,10
1589,13
1590,14
1591,15
1592,9
1593,15
1594,19
1595,17
1596,19
1597,19
1598,13
1599,17
1600,8
1601,16
1602,19
1603,14
1604,6
1605,19
1606,14
1607,13
1608,14
1609,13
1610,11
1611,14
1612,19
1613,13
1614,13
1615,15
1616,10
1617,16
1618,16
1619,19
1620,16
1621,15
1622,16
1623,11
1624,14
1625,14
1626,15
1627,10
1628,12
1629,12
1630,13
1631,13
1632,9
1633,9
1634,12
1635,9
1636,12
1637,16
1638,19
1639,9
1640,11
1641,8
1642,12
1643,17
1644,11
1645,13
1646,11
1647,14
1648,16
1649,15
1650,13
1651,19
1652,8
1653,19
1654,13
1655,18
1656,9
1657,16
1658,15
1659,16
1660,13
1661,17
1662,11
1663,16
1664,16
1665,15
1666,15
1667,17
1668,9
1669,11
1670,17
1671,11
1672,14
1673,13
1674,18
1675,8
1676,14
1677,16
1678,16
1679,13
1680,14
1681,16
1682,15
1683,11
1684,12
1685,4
1686,16
1687,16
1688,7
1689,15
1690,12
1691,16
1692,11
1693,16
1694,12
1695,11
1696,22
1697,13
1698,15
1699,11
1700,17
1701,11
1702,16
1703,14
1704,9
1705,5
1706,22
1707,15
1708,13
1709,14
1710,13
1711,11
1712,7
1713,9
1714,12
1715,16
1716,22
1717,18
1718,12
1719,16
1720,11
1721,2
1722,15
1723,16
1724,15
1725,14
1726,12
1727,18
1728,11
1729,19
1730,15
1731,13
1732,17
1733,19
1734,15
1735,6
1736,9
1737,11
1738,15
1739,15
1740,17
1741,13
1742,14
1743,14
1744,16
1745,18
1746,16
1747,12
1748,10
1749,8
1750,16
1751,16
1752,16
1753,8
1754,18
1755,16
1756,17
1757,9
1758,12
1759,14
1760,15
1761,11
1762,16
1763,8
1764,9
1765,14
1766,11
1767,19
1768,13
1769,15
1770,17
1771,15
1772,13
1773,13
1774,9
1775,12
1776,18
1777,18
1778,19
1779,15
1780,11
1781,10
1782,12
1783,14
1784,13
1785,19
1786,10
1787,13
1788,16
1789,12
1790,14
1791,17
1792,12
1793,13
1794,13
1795,16
1796,17
1797,16
1798,19
1799,14
1800,13
1801,13
1802,15
1803,13
1804,8
1805,15
1806,15
1807,8
1808,15
1809,11
1810,12
1811,10
1812,9
1813,16
1814,10
1815,15
1816,14
1817,16
1818,16
1819,12
1820,13
1821,6
1822,13
1823,13
1824,17
1825,16
1826,13
1827,14
1828,13
1829,10
1830,14
1831,15
1832,13
1833,12
1834,14
1835,15
1836,16
1837,8
1838,13
1839,14
1840,13
1841,8
1842,16
1843,11
1844,9
1845,15
1846,13
1847,16
1848,16
1849,20
1850,10
1851,15
1852,15
1853,14
1854,10
1855,9
1856,14
1857,12
1858,11
1859,12
1860,9
1861,18
1862,16
1863,9
1864,10
1865,12
1866,7
1867,16
1868,16
1869,13
1870,15
1871,15
1872,7
1873,11
1874,11
1875,12
1876,14
1877,8
1878,12
1879,14
1880,15
1881,14
1882,15
1883,11
1884,13
1885,10
1886,14
1887,18
1888,10
1889,15
1890,11
1891,20
1892,14
1893,9
1894,19
1895,18
1896,21
1897,8
1898,14
1899,15
1900,16
1901,12
1902,11
1903,11
1904,18
1905,11
1906,14
1907,13
1908,8
1909,17
1910,16
1911,11
1912,14
1913,16
1914,14
1915,15
1916,11
1917,9
1918,14
1919,14
1920,16
1921,15
1922,18
1923,21
1924,7
1925,13
1926,16
1927,18
1928,14
1929,11
1930,15
1931,11
1932,11
1933,5
1934,13
1935,16
1936,16
1937,13
1938,15
1939,11
1940,16
1941,5
1942,13
1943,20
1944,9
1945,16
1946,13
1947,11
1948,15
1949,14
1950,16
1951,11
1952,14
1953,18
1954,14
1955,12
1956,15
1957,15
1958,19
1959,13
1960,12
1961,14
1962,14
1963,15
1964,14
1965,12
1966,15
1967,16
1968,12
1969,16
1970,14
1971,12
1972,13
1973,17
1974,18
1975,15
1976,19
1977,9
1978,17
1979,16
1980,13
1981,6
1982,15
1983,13
1984,12
1985,10
1986,14
1987,13
1988,13
1989,18
1990,12
1991,10
1992,13
1993,16
1994,14
1995,17
1996,17
1997,19
1998,13
1999,17
2000,16
2001,19
2002,12
2003,21
2004,19
2005,13
2006,16
2007,14
2008,11
2009,13
2010,17
2011,15
2012,17
2013,13
2014,11
2015,19
2016,11
2017,13
2018,11
2019,18
2020,14
2021,15
2022,9
2023,8
2024,10
2025,11
2026,9
2027,17
2028,13
2029,12
2030,14
2031,17
2032,14
2033,17
2034,11
2035,12
2036,17
2037,16
2038,13
2039,15
2040,9
2041,9
2042,15
2043,13
2044,16
2045,15
2046,11
2047,14
2048,15
2049,16
2050,15
2051,8
2052,14
2053,14
2054,17
2055,11
2056,13
2057,15
2058,16
2059,19
2060,16
2061,13
2062,16
2063,18
2064,17
2065,17
2066,16
2067,16
2068,14
2069,16
2070,11
2071,19
2072,12
2073,12
2074,19
2075,13
2076,15
2077,9
2078,11
2079,16
2080,16
2081,18
2082,12
2083,11
2084,7
2085,13
2086,19
2087,10
2088,11
2089,19
2090,15
2091,20
2092,14
2093,15
2094,9
2095,14
2096,16
2097,17
2098,5
2099,15
2100,14
2101,17
2102,18
2103,13
2104,18
2105,14
2106,12
2107,9
2108,17
2109,11
2110,9
2111,14
2112,15
2113,16
2114,9
2115,13
2116,15
2117,10
2118,14
2119,17
2120,14
2121,14
2122,15
2123,13
2124,14
2125,14
2126,11
2127,14
2128,21
2129,13
2130,13
2131,9
2132,13
2133,13
2134,12
2135,13
2136,19
2137,14
2138,16
2139,19
2140,12
2141,13
2142,15
2143,19
2144,9
2145,17
2146,14
2147,18
2148,16
2149,9
2150,16
2151,13
2152,13
2153,17
2154,7
2155,16
2156,16
2157,9
2158,8
2159,15
2160,16
2161,8
2162,13
2163,16
2164,11
2165,15
2166,14
2167,20
2168,13
2169,8
2170,9
2171,10
2172,17
2173,20
2174,12
2175,12
2176,18
2177,13
2178,19
2179,14
2180,16
2181,10
2182,10
2183,11
2184,19
2185,15
2186,11
2187,22
2188,13
2189,17
2190,12
2191,17
2192,15
2193,15
2194,17
2195,13
2196,10
2197,12
2198,19
2199,22
2200,13
2201,22
2202,17
2203,12
2204,15
2205,18
2206,13
2207,21
2208,17
2209,11
2210,9
2211,10
2212,16
2213,10
2214,14
2215,16
2216,11
2217,15
2218,14
2219,16
2220,14
2221,14
2222,12
2223,19
2224,15
2225,14
2226,15
2227,17
2228,15
2229,15
2230,14
2231,9
2232,12
2233,14
2234,16
2235,15
2236,16
2237,11
2238,10
2239,15
2240,12
2241,22
2242,14
2243,15
2244,15
2245,15
2246,14
2247,11
2248,9
2249,15
2250,12
2251,18
2252,14
2253,13
2254,14
2255,13
2256,18
2257,21
2258,3
2259,13
2260,18
2261,18
2262,15
2263,12
2264,15
2265,9
2266,14
2267,14
2268,13
2269,15
2270,11
2271,14
2272,15
2273,16
2274,18
2275,11
2276,15
2277,14
2278,10
2279,13
2280,11
2281,15
2282,15
2283,13
2284,9
2285,15
2286,14
2287,12
2288,13
2289,9
2290,13
2291,14
2292,14
2293,14
2294,9
2295,11
2296,13
2297,10
2298,18
2299,15
2300,18
2301,11
2302,8
2303,11
2304,12
2305,9
2306,14
2307,19
2308,14
2309,19
2310,17
2311,12
2312,12
2313,13
2314,12
2315,13
2316,11
2317,18
2318,15
2319,15
2320,17
2321,15
2322,16
2323,19
2324,18
2325,14
2326,12
2327,8
2328,16
2329,15
2330,18
2331,13
2332,8
2333,15
2334,9
2335,16
2336,5
2337,11
2338,19
2339,18
2340,16
2341,17
2342,9
2343,18
2344,18
2345,22
2346,16
2347,13
2348,10
2349,11
2350,13
2351,9
2352,16
2353,18
2354,7
2355,14
2356,21
2357,11
2358,11
2359,11
2360,16
2361,15
2362,11
2363,12
2364,12
2365,16
2366,9
2367,14
2368,10
2369,15
2370,14
2371,11
2372,11
2373,11
2374,17
2375,16
2376,19
2377,19
2378,16
2379,15
2380,12
2381,12
2382,16
2383,16
2384,17
2385,14
2386,11
2387,21
2388,14
2389,11
2390,13
2391,19
2392,17
2393,17
2394,19
2395,11
2396,16
2397,18
2398,12
2399,13
2400,14
2401,13
2402,16
2403,19
2404,19
2405,12
2406,6
2407,7
2408,11
2409,14
2410,15
2411,15
2412,16
2413,12
2414,13
2415,11
2416,17
2417,15
2418,9
2419,15
2420,15
2421,13
2422,19
2423,14
2424,16
2425,12
2426,15
2427,11
2428,18
2429,12
2430,11
2431,13
2432,17
2433,12
2434,15
2435,15
2436,14
2437,13
2438,14
2439,15
2440,15
2441,13
2442,13
2443,18
2444,10
2445,13
2446,15
2447,14
2448,9
2449,14
2450,16
2451,14
2452,12
2453,14
2454,16
2455,10
2456,12
2457,14
2458,9
2459,21
2460,11
2461,18
2462,14
2463,12
2464,21
2465,19
2466,11
2467,14
2468,15
2469,11
2470,15
2471,14
2472,10
2473,18
2474,10
2475,13
2476,12
2477,18
2478,17
2479,15
2480,17
2481,9
2482,14
2483,14
2484,9
2485,20
2486,11
2487,15
2488,7
2489,16
2490,13
2491,16
2492,20
2493,11
2494,17
2495,13
2496,16
2497,18
2498,21
2499,15
2500,16
2501,19
2502,15
2503,15
2504,10
2505,11
2506,14
2507,17
2508,15
2509,13
2510,14
2511,18
2512,9
2513,15
2514,14
2515,18
2516,15
2517,14
2518,11
2519,9
2520,18
2521,14
2522,15
2523,15
2524,16
2525,16
2526,14
2527,14
2528,22
2529,13
2530,18
2531,15
2532,18
2533,13
2534,16
2535,11
2536,15
2537,13
2538,11
2539,15
2540,15
2541,11
2542,12
2543,9
2544,19
2545,13
2546,9
2547,15
2548,16
2549,12
2550,16
2551,13
2552,13
2553,13
2554,16
2555,16
2556,9
2557,16
2558,12
2559,13
2560,15
2561,9
2562,13
2563,21
2564,16
2565,13
2566,14
2567,20
2568,11
2569,20
2570,18
2571,13
2572,16
2573,7
2574,12
2575,14
2576,24
2577,17
2578,15
2579,6
2580,16
2581,18
2582,16
2583,12
2584,14
2585,13
2586,16
2587,19
2588,17
2589,13
2590,10
2591,17
2592,19
2593,11
2594,16
2595,15
2596,16
2597,15
2598,22
2599,17
2600,12
2601,8
2602,11
2603,11
2604,9
2605,14
2606,12
2607,15
2608,22
2609,12
2610,20
2611,14
2612,13
2613,14
2614,13
2615,18
2616,20
2617,12
2618,10
2619,13
2620,14
2621,13
2622,19
2623,13
2624,12
2625,15
2626,14
2627,14
2628,20
2629,13
2630,18
2631,18
2632,18
2633,12
2634,14
2635,17
2636,17
2637,13
2638,13
2639,16
2640,14
2641,14
2642,14
2643,16
2644,13
2645,15
2646,18
2647,20
2648,14
2649,20
2650,20
2651,14
2652,20
2653,13
2654,14
2655,17
2656,22
2657,10
2658,14
2659,12
2660,16
2661,10
2662,13
2663,17
2664,19
2665,13
2666,11
2667,19
2668,16
2669,17
2670,20
2671,9
2672,5
2673,15
2674,12
2675,16
2676,14
2677,18
2678,14
2679,10
2680,18
2681,16
2682,15
2683,15
2684,21
2685,14
2686,14
2687,22
2688,18
2689,18
2690,11
2691,10
2692,14
2693,18
2694,15
2695,13
2696,19
2697,19
2698,13
2699,14
2700,16
2701,12
2702,17
2703,15
2704,7
2705,12
2706,15
2707,16
2708,15
2709,11
2710,16
2711,17
2712,20
2713,10
2714,16
2715,12
2716,16
2717,14
2718,15
2719,13
2720,9
2721,10
2722,21
2723,16
2724,14
2725,16
2726,11
2727,16
2728,21
2729,12
2730,18
2731,19
2732,20
2733,8
2734,9
2735,13
2736,19
2737,18
2738,10
2739,13
2740,18
2741,15
2742,13
2743,13
2744,16
2745,16
2746,14
2747,15
2748,15
2749,15
2750,5
2751,13
2752,19
2753,13
2754,11
2755,15
2756,14
2757,12
2758,9
2759,6
2760,17
2761,14
2762,14
2763,14
2764,11
2765,13
2766,9
2767,13
2768,16
2769,13
2770,15
2771,15
2772,14
2773,16
2774,16
2775,18
2776,15
2777,10
2778,12
2779,18
2780,17
2781,16
2782,13
2783,15
2784,6
2785,12
2786,12
2787,11
2788,15
2789,17
2790,14
2791,4
2792,15
2793,14
2794,14
2795,16
2796,10
2797,14
2798,11
2799,15
2800,14
2801,17
2802,16
2803,14
2804,13
2805,15
2806,13
2807,6
2808,7
2809,15
2810,16
2811,10
2812,17
2813,13
2814,14
2815,14
2816,15
2817,17
2818,15
2819,12
2820,9
2821,12
2822,15
2823,17
2824,14
2825,16
2826,13
2827,17
2828,16
2829,14
2830,11
2831,14
2832,16
2833,17
2834,12
2835,11
2836,13
2837,14
2838,14
2839,15
2840,15
2841,19
2842,14
2843,26
2844,21
2845,11
2846,17
2847,10
2848,19
2849,12
2850,19
2851,9
2852,22
2853,11
2854,13
2855,12
2856,18
2857,16
2858,16
2859,14
2860,19
2861,17
2862,8
2863,15
2864,10
2865,13
2866,9
2867,13
2868,9
2869,17
2870,13
2871,14
2872,19
2873,17
2874,16
2875,14
2876,17
2877,12
2878,19
2879,13
2880,14
2881,11
2882,13
2883,18
2884,19
2885,14
2886,9
2887,13
2888,9
2889,16
2890,15
2891,13
2892,10
2893,14
2894,21
2895,15
2896,10
2897,15
2898,11
2899,13
2900,16
2901,9
2902,14
2903,16
2904,15
2905,12
2906,16
2907,18
2908,15
2909,12
2910,10
2911,17
2912,11
2913,16
2914,15
2915,15
2916,10
2917,17
2918,13
2919,13
2920,17
2921,11
2922,19
2923,14
2924,17
2925,16
2926,21
2927,12
2928,10
2929,14
2930,18
2931,15
2932,22
2933,13
2934,13
2935,9
2936,17
2937,19
2938,19
2939,17
2940,18
2941,15
2942,9
2943,14
2944,11
2945,18
2946,19
2947,14
2948,11
2949,6
2950,16
2951,14
2952,12
2953,13
2954,18
2955,6
2956,7
2957,11
2958,20
2959,20
2960,10
2961,14
2962,11
2963,12
2964,19
2965,11
2966,19
2967,23
2968,12
2969,19
2970,15
2971,17
2972,13
2973,21
2974,17
2975,13
2976,12
2977,13
2978,16
2979,18
2980,16
2981,14
2982,20
2983,9
2984,13
2985,18
2986,11
2987,16
2988,13
2989,14
2990,17
2991,15
2992,13
2993,16
2994,17
2995,16
2996,12
2997,13
2998,19
2999,11
3000,13
3001,18
3002,8
3003,14
3004,16
3005,16
3006,13
3007,8
3008,18
3009,16
3010,11
3011,11
3012,11
3013,16
3014,13
3015,20
3016,13
3017,13
3018,18
3019,19
3020,9
3021,14
3022,17
3023,23
3024,11
3025,5
3026,17
3027,11
3028,16
3029,23
3030,14
3031,18
3032,18
3033,10
3034,16
3035,12
3036,15
3037,13
3038,15
3039,9
3040,12
3041,9
3042,12
3043,14
3044,16
3045,14
3046,20
3047,17
3048,14
3049,13
3050,14
3051,11
3052,20
3053,5
3054,16
3055,16
3056,14
3057,12
3058,20
3059,18
3060,9
3061,13
3062,14
3063,17
3064,18
3065,22
3066,20
3067,14
3068,19
3069,15
3070,14
3071,16
3072,15
3073,13
3074,15
3075,15
3076,18
3077,13
3078,20
3079,14
3080,13
3081,17
3082,14
3083,15
3084,13
3085,16
3086,13
3087,18
3088,11
3089,15
3090,15
3091,14
3092,15
3093,18
3094,18
3095,16
3096,17
3097,13
3098,3
3099,16
3100,17
3101,16
3102,13
3103,9
3104,16
3105,23
3106,12
3107,13
3108,13
3109,16
3110,7
3111,17
3112,16
3113,11
3114,16
3115,20
3116,11
3117,17
3118,19
3119,14
3120,16
3121,13
3122,13
3123,12
3124,15
3125,17
3126,14
3127,13
3128,16
3129,15
3130,10
3131,13
3132,11
3133,16
3134,18
3135,15
3136,12
3137,10
3138,17
3139,14
3140,19
3141,19
3142,13
3143,15
3144,11
3145,16
3146,14
3147,13
3148,5
3149,16
3150,11
3151,11
3152,6
3153,13
3154,16
3155,9
3156,8
3157,13
3158,13
3159,14
3160,15
3161,17
3162,14
3163,18
3164,20
3165,13
3166,14
3167,11
3168,19
3169,19
3170,15
3171,9
3172,16
3173,16
3174,17
3175,21
3176,10
3177,14
3178,15
3179,18
3180,14
3181,13
3182,19
3183,9
3184,9
3185,11
3186,17
3187,15
3188,19
3189,17
3190,17
3191,13
3192,19
3193,15
3194,15
3195,13
3196,18
3197,13
3198,21
3199,13
3200,16
3201,12
3202,20
3203,12
3204,19
3205,17
3206,14
3207,11
3208,6
3209,21
3210,23
3211,17
3212,14
3213,18
3214,13
3215,16
3216,14
3217,9
3218,13
3219,14
3220,11
3221,19
3222,20
3223,14
3224,11
3225,16
3226,13
3227,9
3228,13
3229,15
3230,15
3231,19
3232,10
3233,13
3234,16
3235,5
3236,14
3237,11
3238,11
3239,8
3240,16
3241,21
3242,15
3243,10
3244,16
3245,16
3246,11
3247,16
3248,14
3249,14
3250,19
3251,12
3252,14
3253,12
3254,10
3255,9
3256,12
3257,13
3258,12
3259,17
3260,18
3261,14
3262,13
3263,14
3264,18
3265,14
3266,9
3267,19
3268,19
3269,12
3270,12
3271,12
3272,15
3273,13
3274,16
3275,8
3276,19
3277,11
3278,16
3279,11
3280,13
3281,13
3282,14
3283,14
3284,12
3285,12
3286,17
3287,16
3288,13
3289,15
3290,15
3291,17
3292,11
3293,16
3294,19
3295,20
3296,15
3297,17
3298,15
3299,17
3300,13
3301,9
3302,19
3303,15
3304,8
3305,13
3306,19
3307,13
3308,15
3309,13
3310,17
3311,15
3312,22
3313,21
3314,19
3315,20
3316,16
3317,12
3318,16
3319,18
3320,13
3321,15
3322,17
3323,15
3324,11
3325,16
3326,16
3327,14
3328,19
3329,11
3330,18
3331,15
3332,15
3333,17
3334,17
3335,14
3336,15
3337,20
3338,20
3339,15
3340,10
3341,17
3342,11
3343,15
3344,21
3345,14
3346,18
3347,16
3348,14
3349,9
3350,10
3351,16
3352,14
3353,23
3354,16
3355,15
3356,16
3357,16
3358,16
3359,20
3360,14
3361,18
3362,16
3363,14
3364,21
3365,13
3366,19
3367,21
3368,17
3369,14
3370,19
3371,15
3372,16
3373,13
3374,10
3375,19
3376,18
3377,14
3378,14
3379,17
3380,12
3381,14
3382,18
3383,12
3384,11
3385,19
3386,14
3387,11
3388,15
3389,14
3390,11
3391,16
3392,18
3393,15
3394,20
3395,22
3396,15
3397,14
3398,11
3399,16
3400,17
3401,15
3402,11
3403,12
3404,17
3405,10
3406,14
3407,13
3408,17
3409,16
3410,5
3411,13
3412,22
3413,16
3414,15
3415,20
3416,13
3417,10
3418,18
3419,16
3420,19
3421,16
3422,12
3423,15
3424,11
3425,15
3426,9
3427,13
3428,10
3429,16
3430,16
3431,13
3432,22
3433,15
3434,17
3435,13
3436,17
3437,10
3438,13
3439,12
3440,11
3441,9
3442,2
3443,10
3444,15
3445,15
3446,20
3447,11
3448,5
3449,14
3450,23
3451,15
3452,12
3453,16
3454,18
3455,19
3456,19
3457,20
3458,19
3459,19
3460,15
3461,14
3462,14
3463,15
3464,17
3465,16
3466,19
3467,17
3468,18
3469,11
3470,16
3471,7
3472,21
3473,7
3474,11
3475,18
3476,15
3477,21
3478,21
3479,13
3480,17
3481,16
3482,13
3483,18
3484,14
3485,13
3486,11
3487,21
3488,20
3489,17
3490,12
3491,16
3492,16
3493,13
3494,12
3495,12
3496,16
3497,11
3498,8
3499,14
3500,19
3501,9
3502,16
3503,11
3504,20
3505,13
3506,15
3507,19
3508,14
3509,16
3510,16
3511,13
3512,17
3513,10
3514,21
3515,16
3516,12
3517,17
3518,14
3519,18
3520,15
3521,16
3522,23
3523,14
3524,10
3525,25
3526,8
3527,20
3528,18
3529,12
3530,14
3531,11
3532,20
3533,16
3534,19
3535,14
3536,13
3537,11
3538,15
3539,20
3540,12
3541,20
3542,15
3543,11
3544,18
3545,10
3546,13
3547,16
3548,9
3549,11
3550,12
3551,16
3552,22
3553,15
3554,21
3555,16
3556,17
3557,12
3558,15
3559,12
3560,11
3561,17
3562,10
3563,17
3564,15
3565,9
3566,14
3567,15
3568,14
3569,15
3570,19
3571,21
3572,16
3573,16
3574,15
3575,19
3576,20
3577,12
3578,15
3579,11
3580,10
3581,13
3582,21
3583,10
3584,18
3585,13
3586,13
3587,18
3588,10
3589,21
3590,16
3591,18
3592,17
3593,17
3594,16
3595,17
3596,17
3597,16
3598,13
3599,13
3600,19
3601,18
3602,13
3603,16
3604,18
3605,16
3606,16
3607,17
3608,8
3609,6
3610,15
3611,22
3612,17
3613,16
3614,8
3615,15
3616,20
3617,6
3618,16
3619,14
3620,18
3621,18
3622,10
3623,16
3624,9
3625,13
3626,16
3627,10
3628,10
3629,16
3630,15
3631,16
3632,14
3633,14
3634,13
3635,14
3636,16
3637,20
3638,12
3639,16
3640,13
3641,9
3642,6
3643,16
3644,18
3645,14
3646,17
3647,14
3648,17
3649,13
3650,16
3651,15
3652,13
3653,10
3654,14
3655,15
3656,13
3657,14
3658,10
3659,18
3660,14
3661,19
3662,19
3663,17
3664,15
3665,22
3666,10
3667,9
3668,14
3669,15
3670,12
3671,9
3672,18
3673,16
3674,8
3675,15
3676,18
3677,17
3678,14
3679,17
3680,17
3681,19
3682,8
3683,19
3684,18
3685,8
3686,13
3687,9
3688,9
3689,17
3690,15
3691,17
3692,11
3693,15
3694,18
3695,18
3696,16
3697,15
3698,20
3699,17
3700,10
3701,16
3702,15
3703,13
3704,16
3705,16
3706,20
3707,8
3708,10
3709,13
3710,20
3711,15
3712,14
3713,20
3714,12
3715,11
3716,16
3717,17
3718,12
3719,13
3720,9
3721,13
3722,14
3723,10
3724,18
3725,8
3726,19
3727,15
3728,14
3729,17
3730,14
3731,9
3732,14
3733,11
3734,17
3735,20
3736,16
3737,21
3738,7
3739,14
3740,13
3741,12
3742,10
3743,14
3744,11
3745,8
3746,13
3747,19
3748,17
3749,15
3750,17
3751,20
3752,14
3753,15
3754,21
3755,14
3756,13
3757,6
3758,14
3759,17
3760,6
3761,18
3762,13
3763,18
3764,15
3765,15
3766,12
3767,9
3768,10
3769,16
3770,14
3771,20
3772,12
3773,15
3774,19
3775,12
3776,13
3777,16
3778,16
3779,17
3780,12
3781,15
3782,9
3783,8
3784,16
3785,16
3786,12
3787,9
3788,16
3789,11
3790,14
3791,16
3792,17
3793,16
3794,13
3795,15
3796,16
3797,15
3798,14
3799,11
3800,15
3801,21
3802,16
3803,15
3804,20
3805,11
3806,15
3807,19
3808,10
3809,20
3810,11
3811,15
3812,9
3813,21
3814,11
3815,13
3816,7
3817,19
3818,12
3819,16
3820,13
3821,19
3822,7
3823,13
3824,16
3825,15
3826,16
3827,15
3828,12
3829,12
3830,19
3831,16
3832,5
3833,10
3834,16
3835,14
3836,16
3837,15
3838,14
3839,18
3840,7
3841,13
3842,13
3843,13
3844,16
3845,17
3846,15
3847,19
3848,25
3849,8
3850,18
3851,16
3852,11
3853,14
3854,10
3855,19
3856,9
3857,17
3858,20
3859,21
3860,15
3861,13
3862,7
3863,14
3864,7
3865,10
3866,22
3867,16
3868,19
3869,21
3870,20
3871,15
3872,12
3873,7
3874,14
3875,19
3876,16
3877,12
3878,17
3879,20
3880,15
3881,12
3882,25
3883,13
3884,18
3885,12
3886,7
3887,16
3888,19
3889,12
3890,19
3891,12
3892,12
3893,15
3894,15
3895,14
3896,11
3897,15
3898,13
3899,13
3900,16
3901,15
3902,15
3903,17
3904,18
3905,18
3906,11
3907,14
3908,23
3909,11
3910,13
3911,21
3912,15
3913,12
3914,15
3915,13
3916,17
3917,10
3918,13
3919,14
3920,15
3921,10
3922,12
3923,13
3924,22
3925,18
3926,11
3927,17
3928,9
3929,23
3930,22
3931,11
3932,15
3933,19
3934,6
3935,16
3936,15
3937,12
3938,18
3939,16
3940,15
3941,16
3942,10
3943,17
3944,16
3945,11
3946,12
3947,10
3948,17
3949,22
3950,18
3951,15
3952,10
3953,11
3954,13
3955,18
3956,12
3957,9
3958,12
3959,17
3960,18
3961,15
3962,19
3963,11
3964,19
3965,16
3966,11
3967,11
3968,18
3969,16
3970,16
3971,14
3972,11
3973,15
3974,9
3975,23
3976,13
3977,7
3978,20
3979,17
3980,13
3981,22
3982,17
3983,12
3984,19
3985,18
3986,11
3987,10
3988,13
3989,13
3990,8
3991,14
3992,12
3993,20
3994,11
3995,20
3996,15
3997,15
3998,20
3999,20
4000,18
4001,18
4002,14
4003,21
4004,18
4005,15
4006,16
4007,17
4008,10
4009,13
4010,13
4011,16
4012,15
4013,17
4014,7
4015,10
4016,11
4017,16
4018,17
4019,16
4020,15
4021,14
4022,12
4023,11
4024,19
4025,11
4026,12
4027,13
4028,8
4029,14
4030,9
4031,13
4032,17
4033,14
4034,10
4035,4
4036,13
4037,21
4038,19
4039,10
4040,16
4041,12
4042,13
4043,22
4044,16
4045,12
4046,11
4047,10
4048,20
4049,18
4050,20
4051,21
4052,7
4053,12
4054,21
4055,15
4056,10
4057,12
4058,16
4059,18
4060,11
4061,14
4062,10
4063,12
4064,16
4065,18
4066,8
4067,18
4068,9
4069,12
4070,14
4071,18
4072,10
4073,14
4074,16
4075,14
4076,16
4077,12
4078,13
4079,13
4080,16
4081,7
4082,14
4083,8
4084,16
4085,10
4086,9
4087,16
4088,16
4089,20
4090,14
4091,14
4092,20
4093,15
4094,15
4095,15
4096,7
4097,17
4098,15
4099,16
4100,19
4101,12
4102,13
4103,14
4104,19
4105,15
4106,16
4107,12
4108,13
4109,17
4110,9
4111,12
4112,15
4113,21
4114,11
4115,14
4116,16
4117,18
4118,20
4119,16
4120,13
4121,14
4122,19
4123,11
4124,14
4125,19
4126,11
4127,16
4128,14
4129,5
4130,16
4131,16
4132,12
4133,11
4134,19
4135,11
4136,15
4137,15
4138,13
4139,9
4140,7
4141,15
4142,13
4143,19
4144,21
4145,10
4146,16
4147,14
4148,14
4149,15
4150,11
4151,10
4152,9
4153,16
4154,15
4155,9
4156,19
4157,10
4158,14
4159,17
4160,18
4161,8
4162,11
4163,7
4164,8
4165,15
4166,19
4167,18
4168,16
4169,14
4170,9
4171,14
4172,11
4173,16
4174,4
4175,22
4176,10
4177,19
4178,19
4179,7
4180,12
4181,15
4182,16
4183,13
4184,10
4185,13
4186,19
4187,20
4188,11
4189,14
4190,19
4191,13
4192,16
4193,11
4194,10
4195,10
4196,17
4197,14
4198,11
4199,16
4200,17
4201,18
4202,11
4203,16
4204,16
4205,13
4206,20
4207,14
4208,18
4209,20
4210,12
4211,15
4212,20
4213,13
4214,16
4215,14
4216,11
4217,10
4218,17
4219,19
4220,13
4221,12
4222,11
4223,20
4224,18
4225,18
4226,13
4227,18
4228,17
4229,11
4230,6
4231,13
4232,19
4233,21
4234,19
4235,13
4236,8
4237,16
4238,17
4239,19
4240,20
4241,18
4242,9
4243,18
4244,16
4245,13
4246,15
4247,16
4248,14
4249,17
4250,14
4251,11
4252,14
4253,13
4254,14
4255,12
4256,13
4257,20
4258,13
4259,6
4260,22
4261,14
4262,14
4263,7
4264,9
4265,10
4266,13
4267,15
4268,20
4269,13
4270,13
4271,23
4272,14
4273,20
4274,9
4275,15
4276,10
4277,16
4278,14
4279,19
4280,17
4281,15
4282,11
4283,10
4284,11
4285,16
4286,19
4287,13
4288,19
4289,13
4290,13
4291,9
4292,7
4293,15
4294,13
4295,11
4296,19
4297,8
4298,14
4299,15
4300,18
4301,21
4302,14
4303,23
4304,12
4305,7
4306,12
4307,10
4308,11
4309,12
4310,23
4311,18
4312,16
4313,13
4314,12
4315,17
4316,13
4317,17
4318,10
4319,10
4320,16
4321,14
4322,10
4323,13
4324,15
4325,10
4326,19
4327,14
4328,18
4329,15
4330,12
4331,14
4332,14
4333,11
4334,15
4335,14
4336,10
4337,13
4338,13
4339,15
4340,18
4341,16
4342,20
4343,4
4344,17
4345,18
4346,14
4347,12
4348,16
4349,9
4350,12
4351,16
4352,18
4353,14
4354,10
4355,16
4356,16
4357,18
4358,27
4359,14
4360,12
4361,25
4362,25
4363,11
4364,14
4365,7
4366,16
4367,18
4368,19
4369,15
4370,6
4371,12
4372,16
4373,12
4374,20
4375,11
4376,12
4377,13
4378,12
4379,16
4380,16
4381,18
4382,17
4383,9
4384,16
4385,15
4386,20
4387,16
4388,21
4389,13
4390,18
4391,15
4392,16
4393,13
4394,12
4395,15
4396,11
4397,15
4398,16
4399,18
4400,19
4401,14
4402,15
4403,13
4404,14
4405,11
4406,10
4407,20
4408,5
4409,21
4410,22
4411,13
4412,15
4413,28
4414,12
4415,17
4416,12
4417,12
4418,13
4419,16
4420,13
4421,16
4422,15
4423,10
4424,17
4425,15
4426,18
4427,15
4428,20
4429,20
4430,9
4431,17
4432,13
4433,16
4434,12
4435,18
4436,17
4437,18
4438,10
4439,20
4440,21
4441,12
4442,10
4443,14
4444,16
4445,12
4446,18
4447,21
4448,13
4449,16
4450,18
4451,8
4452,7
4453,7
4454,12
4455,13
4456,14
4457,13
4458,18
4459,13
4460,17
4461,11
4462,15
4463,20
4464,9
4465,12
4466,12
4467,19
4468,14
4469,16
4470,19
4471,13
4472,18
4473,16
4474,17
4475,12
4476,14
4477,19
4478,14
4479,18
4480,13
4481,19
4482,19
4483,10
4484,14
4485,16
4486,12
4487,18
4488,17
4489,15
4490,11
4491,16
4492,11
4493,24
4494,8
4495,19
4496,12
4497,20
4498,9
4499,14
4500,7
4501,16
4502,20
4503,13
4504,20
4505,15
4506,9
4507,16
4508,19
4509,18
4510,19
4511,10
4512,17
4513,13
4514,16
4515,12
4516,15
4517,19
4518,14
4519,6
4520,13
4521,16
4522,16
4523,15
4524,20
4525,20
4526,10
4527,18
4528,18
4529,20
4530,12
4531,19
4532,15
4533,18
4534,9
4535,10
4536,12
4537,11
4538,10
4539,15
4540,16
4541,18
4542,12
4543,15
4544,13
4545,10
4546,12
4547,14
4548,20
4549,17
4550,12
4551,12
4552,18
4553,13
4554,7
4555,14
4556,15
4557,11
4558,20
4559,8
4560,7
4561,15
4562,11
4563,13
4564,13
4565,9
4566,19
4567,10
4568,15
4569,16
4570,14
4571,13
4572,14
4573,12
4574,8
4575,17
4576,7
4577,9
4578,13
4579,6
4580,11
4581,14
4582,17
4583,16
4584,14
4585,17
4586,12
4587,11
4588,16
4589,10
4590,16
4591,17
4592,14
4593,11
4594,20
4595,19
4596,11
4597,20
4598,13
4599,16
4600,15
4601,18
4602,14
4603,10
4604,8
4605,23
4606,22
4607,15
4608,14
4609,18
4610,10
4611,14
4612,18
4613,14
4614,14
4615,18
4616,10
4617,19
4618,23
4619,8
4620,13
4621,16
4622,16
4623,15
4624,15
4625,15
4626,17
4627,22
4628,19
4629,15
4630,16
4631,20
4632,11
4633,13
4634,15
4635,17
4636,15
4637,16
4638,16
4639,21
4640,15
4641,19
4642,9
4643,15
4644,14
4645,11
4646,15
4647,12
4648,11
4649,21
4650,13
4651,15
4652,19
4653,22
4654,16
4655,22
4656,12
4657,13
4658,8
4659,21
4660,14
4661,5
4662,12
4663,23
4664,7
4665,22
4666,22
4667,14
4668,19
4669,17
4670,16
4671,21
4672,19
4673,17
4674,14
4675,11
4676,18
4677,18
4678,14
4679,13
4680,14
4681,13
4682,18
4683,7
4684,23
4685,12
4686,19
4687,15
4688,10
4689,11
4690,12
4691,10
4692,15
4693,16
4694,25
4695,19
4696,19
4697,12
4698,20
4699,13
4700,6
4701,14
4702,15
4703,15
4704,12
4705,11
4706,17
4707,13
4708,17
4709,17
4710,13
4711,13
4712,12
4713,12
4714,20
4715,18
4716,9
4717,15
4718,16
4719,23
4720,14
4721,19
4722,11
4723,21
4724,15
4725,15
4726,13
4727,10
4728,11
4729,13
4730,20
4731,17
4732,18
4733,15
4734,12
4735,13
4736,25
4737,18
4738,13
4739,15
4740,13
4741,8
4742,16
4743,17
4744,5
4745,6
4746,9
4747,9
4748,13
4749,16
4750,15
4751,18
4752,19
4753,16
4754,18
4755,11
4756,14
4757,14
4758,13
4759,13
4760,15
4761,19
4762,9
4763,12
4764,12
4765,14
4766,16
4767,14
4768,14
4769,15
4770,14
4771,14
4772,5
4773,21
4774,18
4775,23
4776,20
4777,21
4778,17
4779,25
4780,11
4781,17
4782,22
4783,12
4784,19
4785,24
4786,13
4787,16
4788,16
4789,14
4790,16
4791,19
4792,17
4793,14
4794,15
4795,11
4796,15
4797,9
4798,26
4799,12
4800,17
4801,9
4802,18
4803,14
4804,20
4805,8
4806,14
4807,21
4808,15
4809,11
4810,8
4811,17
4812,12
4813,15
4814,13
4815,20
4816,16
4817,18
4818,18
4819,17
4820,15
4821,20
4822,12
4823,19
4824,15
4825,11
4826,13
4827,16
4828,22
4829,8
4830,12
4831,14
4832,17
4833,18
4834,11
4835,13
4836,20
4837,8
4838,14
4839,15
4840,23
4841,21
4842,12
4843,10
4844,20
4845,15
4846,14
4847,9
4848,9
4849,13
4850,17
4851,22
4852,16
4853,14
4854,15
4855,11
4856,12
4857,8
4858,18
4859,12
4860,20
4861,16
4862,7
4863,12
4864,7
4865,12
4866,11
4867,16
4868,19
4869,13
4870,23
4871,10
4872,12
4873,14
4874,16
4875,15
4876,7
4877,14
4878,18
4879,19
4880,18
4881,13
4882,13
4883,18
4884,18
4885,23
4886,22
4887,16
4888,15
4889,10
4890,16
4891,10
4892,14
4893,10
4894,16
4895,15
4896,16
4897,15
4898,15
4899,19
4900,15
4901,14
4902,16
4903,20
4904,13
4905,17
4906,7
4907,15
4908,16
4909,13
4910,21
4911,15
4912,21
4913,14
4914,16
4915,11
4916,14
4917,19
4918,15
4919,18
4920,10
4921,19
4922,16
4923,13
4924,17
4925,18
4926,15
4927,17
4928,14
4929,12
4930,14
4931,13
4932,10
4933,16
4934,10
4935,8
4936,18
4937,16
4938,11
4939,17
4940,15
4941,10
4942,18
4943,17
4944,14
4945,20
4946,17
4947,16
4948,17
4949,16
4950,15
4951,16
4952,18
4953,17
4954,10
4955,17
4956,14
4957,8
4958,17
4959,15
4960,13
4961,8
4962,18
4963,17
4964,18
4965,17
4966,20
4967,16
4968,14
4969,17
4970,18
4971,15
4972,12
4973,11
4974,11
4975,14
4976,9
4977,14
4978,14
4979,16
4980,14
4981,9
4982,12
4983,17
4984,11
4985,12
4986,18
4987,16
4988,11
4989,7
4990,14
4991,14
4992,15
4993,10
4994,15
4995,19
4996,14
4997,12
4998,15
4999,19
5000,17
5001,22
5002,16
5003,14
5004,15
5005,24
5006,17
5007,11
5008,15
5009,9
5010,15
5011,16
5012,18
5013,15
5014,16
5015,11
5016,18
5017,10
5018,13
5019,14
5020,15
5021,6
5022,12
5023,19
5024,19
5025,12
5026,18
5027,14
5028,13
5029,17
5030,17
5031,18
5032,19
5033,17
5034,11
5035,7
5036,11
5037,17
5038,8
5039,12
5040,14
5041,20
5042,9
5043,13
5044,26
5045,11
5046,12
5047,23
5048,11
5049,13
5050,13
5051,16
5052,13
5053,12
5054,7
5055,12
5056,19
5057,15
5058,10
5059,17
5060,19
5061,17
5062,14
5063,11
5064,9
5065,11
5066,12
5067,13
5068,18
5069,16
5070,15
5071,13
5072,19
5073,25
5074,18
5075,11
5076,20
5077,13
5078,13
5079,13
5080,15
5081,17
5082,12
5083,14
5084,11
5085,15
5086,15
5087,14
5088,17
5089,15
5090,16
5091,14
5092,12
5093,12
5094,10
5095,17
5096,15
5097,13
5098,16
5099,12
5100,14
5101,13
5102,14
5103,15
5104,14
5105,15
5106,15
5107,13
5108,16
5109,9
5110,10
5111,9
5112,16
5113,19
5114,16
5115,14
5116,14
5117,15
5118,18
5119,15
5120,18
5121,15
5122,14
5123,10
5124,18
5125,16
5126,17
5127,15
5128,18
5129,10
5130,12
5131,12
5132,14
5133,14
5134,16
5135,13
5136,17
5137,13
5138,17
5139,11
5140,10
5141,17
5142,17
5143,9
5144,8
5145,10
5146,17
5147,12
5148,12
5149,20
5150,11
5151,17
5152,18
5153,6
5154,12
5155,14
5156,13
5157,13
5158,17
5159,11
5160,18
5161,16
5162,7
5163,11
5164,17
5165,19
5166,18
5167,17
5168,17
5169,13
5170,12
5171,14
5172,16
5173,9
5174,10
5175,18
5176,16
5177,12
5178,10
5179,14
5180,14
5181,17
5182,16
5183,7
5184,18
5185,18
5186,15
5187,16
5188,17
5189,8
5190,10
5191,14
5192,15
5193,18
5194,19
5195,14
5196,16
5197,22
5198,17
5199,19
5200,12
5201,9
5202,13
5203,12
5204,14
5205,9
5206,13
5207,21
5208,15
5209,14
5210,10
5211,13
5212,18
5213,14
5214,22
5215,12
5216,16
5217,17
5218,8
5219,14
5220,16
5221,14
5222,14
5223,10
5224,14
5225,9
5226,21
5227,19
5228,17
5229,14
5230,14
5231,16
5232,12
5233,15
5234,18
5235,14
5236,16
5237,15
5238,18
5239,8
5240,13
5241,15
5242,17
5243,15
5244,17
5245,17
5246,15
5247,14
5248,16
5249,24
5250,12
5251,14
5252,10
5253,14
5254,16
5255,18
5256,13
5257,14
5258,17
5259,18
5260,17
5261,10
5262,17
5263,17
5264,9
5265,18
5266,18
5267,16
5268,15
5269,15
5270,15
5271,15
5272,18
5273,12
5274,14
5275,19
5276,14
5277,8
5278,12
5279,11
5280,14
5281,17
5282,15
5283,15
5284,17
5285,15
5286,15
5287,17
5288,11
5289,18
5290,16
5291,12
5292,17
5293,20
5294,13
5295,18
5296,13
5297,8
5298,13
5299,16
5300,12
5301,14
5302,12
5303,21
5304,11
5305,16
5306,20
5307,9
5308,20
5309,18
5310,12
5311,14
5312,13
5313,14
5314,19
5315,10
5316,13
5317,16
5318,16
5319,17
5320,15
5321,19
5322,13
5323,18
5324,9
5325,17
5326,17
5327,16
5328,19
5329,8
5330,18
5331,23
5332,12
5333,18
5334,16
5335,20
5336,14
5337,15
5338,15
5339,17
5340,22
5341,17
5342,14
5343,13
5344,14
5345,9
5346,15
5347,8
5348,14
5349,15
5350,14
5351,18
5352,13
5353,17
5354,16
5355,20
5356,16
5357,15
5358,12
5359,15
5360,12
5361,17
5362,10
5363,15
5364,14
5365,16
5366,12
5367,18
5368,21
5369,14
5370,14
5371,17
5372,11
5373,13
5374,12
5375,8
5376,11
5377,12
5378,23
5379,14
5380,15
5381,16
5382,15
5383,15
5384,18
5385,19
5386,9
5387,23
5388,11
5389,23
5390,11
5391,17
5392,15
5393,23
5394,14
5395,22
5396,13
5397,14
5398,18
5399,12
5400,15
5401,10
5402,17
5403,12
5404,15
5405,9
5406,17
5407,14
5408,14
5409,15
5410,14
5411,20
5412,14
5413,15
5414,16
5415,15
5416,12
5417,18
5418,18
5419,12
5420,19
5421,15
5422,17
5423,18
5424,19
5425,11
5426,10
5427,15
5428,14
5429,21
5430,19
5431,5
5432,19
5433,11
5434,22
5435,20
5436,8
5437,17
5438,14
5439,18
5440,18
5441,13
5442,13
5443,20
5444,12
5445,17
5446,14
5447,19
5448,17
5449,13
5450,10
5451,15
5452,13
5453,15
5454,15
5455,19
5456,10
5457,15
5458,15
5459,16
5460,9
5461,11
5462,13
5463,18
5464,17
5465,12
5466,13
5467,18
5468,13
5469,14
5470,13
5471,14
5472,11
5473,13
5474,13
5475,15
5476,14
5477,13
5478,16
5479,15
5480,11
5481,12
5482,17
5483,13
5484,14
5485,11
5486,9
5487,15
5488,17
5489,11
5490,17
5491,15
5492,16
5493,11
5494,17
5495,10
5496,11
5497,12
5498,14
5499,9
5500,14
5501,12
5502,16
5503,8
5504,18
5505,16
5506,14
5507,21
5508,16
5509,18
5510,7
5511,15
5512,13
5513,16
5514,20
5515,17
5516,16
5517,10
5518,22
5519,11
5520,15
5521,12
5522,17
5523,14
5524,14
5525,7
5526,11
5527,17
5528,14
5529,15
5530,14
5531,17
5532,15
5533,15
5534,12
5535,18
5536,14
5537,7
5538,15
5539,15
5540,14
5541,10
5542,22
5543,16
5544,14
5545,12
5546,17
5547,16
5548,10
5549,17
5550,12
5551,16
5552,16
5553,10
5554,11
5555,19
5556,17
5557,13
5558,15
5559,16
5560,20
5561,15
5562,15
5563,16
5564,19
5565,18
5566,15
5567,13
5568,15
5569,16
5570,19
5571,20
5572,10
5573,14
5574,15
5575,12
5576,11
5577,15
5578,12
5579,14
5580,12
5581,14
5582,15
5583,20
5584,12
5585,14
5586,15
5587,20
5588,21
5589,12
5590,18
5591,16
5592,13
5593,8
5594,15
5595,14
5596,17
5597,13
5598,18
5599,16
5600,14
5601,20
5602,15
5603,17
5604,17
5605,16
5606,16
5607,9
5608,19
5609,19
5610,17
5611,19
5612,18
5613,11
5614,8
5615,14
5616,17
5617,19
5618,19
5619,15
5620,17
5621,19
5622,15
5623,12
5624,15
5625,16
5626,15
5627,23
5628,12
5629,19
5630,14
5631,16
5632,13
5633,10
5634,16
5635,15
5636,18
5637,13
5638,14
5639,18
5640,11
5641,15
5642,9
5643,13
5644,14
5645,6
5646,15
5647,13
5648,17
5649,14
5650,17
5651,15
5652,19
5653,13
5654,15
5655,16
5656,18
5657,13
5658,14
5659,10
5660,20
5661,16
5662,14
5663,16
5664,19
5665,16
5666,11
5667,18
5668,10
5669,17
5670,18
5671,16
5672,17
5673,18
5674,14
5675,18
5676,12
5677,15
5678,15
5679,16
5680,11
5681,14
5682,9
5683,7
5684,13
5685,7
5686,4
5687,11
5688,22
5689,19
5690,15
5691,15
5692,21
5693,18
5694,18
5695,18
5696,21
5697,21
5698,18
5699,16
5700,18
5701,19
5702,17
5703,17
5704,9
5705,19
5706,12
5707,15
5708,16
5709,13
5710,19
5711,9
5712,14
5713,19
5714,7
5715,10
5716,8
5717,10
5718,12
5719,12
5720,14
5721,13
5722,15
5723,14
5724,18
5725,14
5726,17
5727,18
5728,18
5729,13
5730,11
5731,13
5732,8
5733,16
5734,20
5735,22
5736,12
5737,13
5738,15
5739,20
5740,21
5741,10
5742,14
5743,13
5744,18
5745,16
5746,15
5747,13
5748,19
5749,15
5750,17
5751,14
5752,17
5753,13
5754,15
5755,10
5756,14
5757,13
5758,15
5759,12
5760,14
5761,14
5762,16
5763,18
5764,15
5765,13
5766,23
5767,17
5768,14
5769,12
5770,14
5771,13
5772,16
5773,18
5774,11
5775,13
5776,15
5777,15
5778,15
5779,14
5780,17
5781,21
5782,11
5783,16
5784,19
5785,18
5786,11
5787,8
5788,11
5789,18
5790,19
5791,17
5792,19
5793,19
5794,16
5795,14
5796,9
5797,18
5798,16
5799,12
5800,18
5801,20
5802,11
5803,15
5804,17
5805,18
5806,19
5807,9
5808,19
5809,13
5810,15
5811,19
5812,15
5813,19
5814,14
5815,16
5816,15
5817,14
5818,12
5819,20
5820,15
5821,14
5822,13
5823,10
5824,13
5825,16
5826,17
5827,12
5828,12
5829,22
5830,12
5831,16
5832,17
5833,8
5834,15
5835,20
5836,14
5837,9
5838,17
5839,14
5840,20
5841,14
5842,18
5843,25
5844,13
5845,14
5846,14
5847,13
5848,18
5849,11
5850,17
5851,22
5852,12
5853,11
5854,18
5855,15
5856,13
5857,19
5858,7
5859,11
5860,17
5861,10
5862,18
5863,15
5864,11
5865,13
5866,14
5867,16
5868,5
5869,21
5870,15
5871,14
5872,10
5873,18
5874,14
5875,18
5876,18
5877,11
5878,12
5879,19
5880,10
5881,11
5882,20
5883,13
5884,16
5885,17
5886,15
5887,15
5888,16
5889,14
5890,18
5891,16
5892,12
5893,15
5894,14
5895,11
5896,17
5897,10
5898,20
5899,16
5900,21
5901,15
5902,15
5903,15
5904,14
5905,24
5906,17
5907,16
5908,8
5909,18
5910,10
5911,13
5912,15
5913,8
5914,12
5915,26
5916,16
5917,15
5918,18
5919,11
5920,16
5921,14
5922,18
5923,10
5924,18
5925,18
5926,12
5927,8
5928,21
5929,23
5930,12
5931,19
5932,13
5933,21
5934,16
5935,10
5936,22
5937,20
5938,13
5939,11
5940,5
5941,23
5942,14
5943,22
5944,13
5945,15
5946,12
5947,13
5948,17
5949,9
5950,19
5951,16
5952,13
5953,15
5954,9
5955,15
5956,10
5957,14
5958,24
5959,19
5960,13
5961,21
5962,13
5963,14
5964,24
5965,13
5966,15
5967,14
5968,17
5969,13
5970,18
5971,20
5972,21
5973,19
5974,20
5975,17
5976,20
5977,17
5978,18
5979,13
5980,16
5981,15
5982,12
5983,11
5984,11
5985,23
5986,16
5987,12
5988,17
5989,15
5990,11
5991,18
5992,22
5993,11
5994,30
5995,12
5996,27
5997,29
5998,28
5999,19
6000,20
6001,14
6002,17
6003,20
6004,14
6005,22
6006,15
6007,11
6008,12
6009,20
6010,19
6011,14
6012,30
6013,14
6014,15
6015,9
6016,11
6017,16
6018,24
6019,18
6020,12
6021,15
6022,15
6023,18
6024,16
6025,12
6026,24
6027,19
6028,16
6029,15
6030,20
6031,15
6032,15
6033,13
6034,17
6035,22
6036,16
6037,10
6038,15
6039,15
6040,12
6041,15
6042,16
6043,21
6044,11
6045,14
6046,20
6047,11
6048,19
6049,14
6050,28
6051,11
6052,12
6053,22
6054,18
6055,15
6056,13
6057,16
6058,11
6059,12
6060,9
6061,13
6062,23
6063,18
6064,10
6065,19
6066,9
6067,11
6068,15
6069,18
6070,9
6071,14
6072,19
6073,20
6074,6
6075,9
6076,16
6077,18
6078,14
6079,10
6080,10
6081,19
6082,17
6083,20
6084,18
6085,17
6086,13
6087,12
6088,18
6089,20
6090,23
6091,16
6092,18
6093,19
6094,10
6095,22
6096,17
6097,17
6098,11
6099,12
6100,18
6101,17
6102,14
6103,12
6104,5
6105,12
6106,13
6107,13
6108,17
6109,28
6110,12
6111,12
6112,25
6113,15
6114,21
6115,13
6116,16
6117,7
6118,8
6119,20
6120,9
6121,13
6122,16
6123,16
6124,20
6125,18
6126,12
6127,17
6128,15
6129,12
6130,9
6131,22
6132,17
6133,17
6134,16
6135,5
6136,12
6137,10
6138,11
6139,14
6140,10
6141,20
6142,12
6143,20
6144,19
6145,15
6146,15
6147,17
6148,18
6149,11
6150,18
6151,17
6152,11
6153,26
6154,13
6155,15
6156,13
6157,24
6158,13
6159,21
6160,13
6161,7
6162,18
6163,17
6164,22
6165,20
6166,14
6167,13
6168,20
6169,20
6170,7
6171,20
6172,13
6173,12
6174,13
6175,22
6176,14
6177,22
6178,18
6179,14
6180,18
6181,7
6182,18
6183,16
6184,15
6185,22
6186,16
6187,15
6188,19
6189,10
6190,10
6191,20
6192,16
6193,21
6194,15
6195,11
6196,19
6197,15
6198,14
6199,13
6200,12
6201,30
6202,14
6203,17
6204,12
6205,16
6206,17
6207,15
6208,17
6209,19
6210,16
6211,23
6212,16
6213,27
6214,30
6215,23
6216,9
6217,9
6218,20
6219,14
6220,22
6221,14
6222,14
6223,18
6224,16
6225,13
6226,15
6227,19
6228,21
6229,12
6230,13
6231,17
6232,21
6233,25
6234,14
6235,18
6236,13
6237,14
6238,6
6239,10
6240,14
6241,16
6242,27
6243,10
6244,8
6245,12
6246,21
6247,14
6248,21
6249,12
6250,18
6251,18
6252,17
6253,12
6254,19
6255,18
6256,14
6257,17
6258,16
6259,19
6260,13
6261,21
6262,12
6263,7
6264,19
6265,10
6266,14
6267,12
6268,28
6269,15
6270,10
6271,17
6272,10
6273,9
6274,16
6275,20
6276,12
6277,13
6278,26
6279,18
6280,12
6281,6
6282,16
6283,17
6284,20
6285,15
6286,13
6287,10
6288,8
6289,12
6290,28
6291,20
6292,24
6293,16
6294,18
6295,19
6296,12
6297,11
6298,12
6299,12
6300,12
6301,23
6302,19
6303,18
6304,14
6305,15
6306,16
6307,20
6308,13
6309,20
6310,18
6311,18
6312,17
6313,6
6314,14
6315,18
6316,14
6317,18
6318,15
6319,17
6320,14
6321,11
6322,23
6323,15
6324,17
6325,11
6326,13
6327,11
6328,11
6329,12
6330,15
6331,18
6332,20
6333,12
6334,17
6335,18
6336,19
6337,18
6338,15
6339,15
6340,13
6341,17
6342,17
6343,20
6344,18
6345,15
6346,21
6347,17
6348,12
6349,21
6350,18
6351,15
6352,15
6353,18
6354,13
6355,16
6356,18
6357,14
6358,11
6359,21
6360,14
6361,14
6362,19
6363,9
6364,26
6365,18
6366,8
6367,8
6368,17
6369,10
6370,11
6371,16
6372,8
6373,24
6374,19
6375,14
6376,5
6377,20
6378,18
6379,14
6380,13
6381,19
6382,12
6383,12
6384,16
6385,22
6386,13
6387,14
6388,18
6389,13
6390,15
6391,12
6392,19
6393,19
6394,17
6395,15
6396,9
6397,15
6398,23
6399,20
6400,13
6401,12
6402,14
6403,11
6404,23
6405,12
6406,20
6407,18
6408,14
6409,21
6410,20
6411,16
6412,12
6413,23
6414,19
6415,11
6416,14
6417,18
6418,15
6419,19
6420,19
6421,17
6422,21
6423,12
6424,20
6425,18
6426,21
6427,20
6428,16
6429,11
6430,15
6431,13
6432,16
6433,19
6434,22
6435,17
6436,18
6437,19
6438,17
6439,11
6440,19
6441,11
6442,14
6443,20
6444,12
6445,8
6446,19
6447,11
6448,20
6449,24
6450,12
6451,12
6452,9
6453,19
6454,10
6455,13
6456,18
6457,14
6458,7
6459,22
6460,16
6461,23
6462,12
6463,12
6464,11
6465,13
6466,21
6467,14
6468,23
6469,20
6470,12
6471,7
6472,25
6473,13
6474,14
6475,12
6476,12
6477,14
6478,16
6479,11
6480,12
6481,15
6482,17
6483,13
6484,21
6485,13
6486,15
6487,12
6488,10
6489,11
6490,18
6491,15
6492,13
6493,22
6494,17
6495,16
6496,14
6497,14
6498,23
6499,19
6500,15
6501,10
6502,17
6503,19
6504,23
6505,14
6506,12
6507,12
6508,19
6509,21
6510,20
6511,15
6512,16
6513,30
6514,8
6515,23
6516,29
6517,13
6518,17
6519,14
6520,14
6521,12
6522,10
6523,20
6524,18
6525,16
6526,19
6527,17
6528,10
6529,25
6530,14
6531,13
6532,28
6533,13
6534,18
6535,13
6536,9
6537,14
6538,26
6539,13
6540,12
6541,18
6542,17
6543,16
6544,13
6545,14
6546,16
6547,12
6548,14
6549,23
6550,16
6551,18
6552,18
6553,13
6554,21
6555,12
6556,14
6557,20
6558,25
6559,17
6560,18
6561,21
6562,22
6563,15
6564,15
6565,15
6566,23
6567,13
6568,10
6569,12
6570,14
6571,17
6572,21
6573,18
6574,4
6575,16
6576,13
6577,15
6578,24
6579,13
6580,16
6581,16
6582,18
6583,14
6584,12
6585,20
6586,23
6587,14
6588,19
6589,12
6590,16
6591,17
6592,11
6593,17
6594,17
6595,23
6596,15
6597,8
6598,17
6599,13
6600,15
6601,20
6602,19
6603,14
6604,17
6605,21
6606,15
6607,9
6608,17
6609,14
6610,17
6611,13
6612,15
6613,15
6614,18
6615,22
6616,15
6617,14
6618,10
6619,15
6620,21
6621,14
6622,11
6623,15
6624,20
6625,15
6626,18
6627,17
6628,16
6629,17
6630,20
6631,18
6632,16
6633,18
6634,13
6635,15
6636,14
6637,15
6638,17
6639,17
6640,14
6641,15
6642,18
6643,13
6644,13
6645,16
6646,18
6647,17
6648,13
6649,12
6650,10
6651,13
6652,16
6653,15
6654,16
6655,16
6656,19
6657,21
6658,18
6659,11
6660,14
6661,17
6662,25
6663,18
6664,15
6665,17
6666,14
6667,11
6668,19
6669,11
6670,13
6671,20
6672,16
6673,18
6674,14
6675,15
6676,8
6677,15
6678,23
6679,15
6680,21
6681,20
6682,19
6683,19
6684,22
6685,17
6686,14
6687,18
6688,17
6689,23
6690,13
6691,12
6692,15
6693,14
6694,23
6695,14
6696,16
6697,17
6698,16
6699,16
6700,15
6701,17
6702,19
6703,17
6704,8
6705,18
6706,16
6707,15
6708,17
6709,16
6710,13
6711,15
6712,16
6713,16
6714,17
6715,14
6716,20
6717,11
6718,16
6719,12
6720,19
6721,16
6722,18
6723,15
6724,15
6725,19
6726,13
6727,18
6728,15
6729,15
6730,15
6731,17
6732,15
6733,16
6734,20
6735,10
6736,12
6737,17
6738,12
6739,16
6740,11
6741,18
6742,19
6743,15
6744,18
6745,19
6746,18
6747,8
6748,17
6749,19
6750,17
6751,12
6752,20
6753,23
6754,18
6755,18
6756,19
6757,20
6758,16
6759,14
6760,7
6761,16
6762,19
6763,14
6764,24
6765,9
6766,14
6767,19
6768,11
6769,19
6770,19
6771,19
6772,14
6773,20
6774,17
6775,20
6776,19
6777,19
6778,13
6779,19
6780,15
6781,16
6782,16
6783,11
6784,15
6785,14
6786,20
6787,16
6788,13
6789,20
6790,18
6791,16
6792,14
6793,16
6794,12
6795,17
6796,18
6797,16
6798,14
6799,20
6800,15
6801,16
6802,15
6803,16
6804,9
6805,24
6806,17
6807,21
6808,20
6809,17
6810,15
6811,15
6812,13
6813,17
6814,6
6815,24
6816,12
6817,16
6818,15
6819,20
6820,13
6821,16
6822,11
6823,14
6824,15
6825,13
6826,16
6827,15
6828,14
6829,14
6830,21
6831,16
6832,15
6833,11
6834,15
6835,13
6836,21
6837,25
6838,14
6839,8
6840,15
6841,18
6842,22
6843,17
6844,11
6845,17
6846,19
6847,16
6848,16
6849,19
6850,15
6851,16
6852,18
6853,13
6854,17
6855,10
6856,18
6857,16
6858,15
6859,17
6860,14
6861,13
6862,24
6863,18
6864,19
6865,18
6866,22
6867,14
6868,18
6869,14
6870,21
6871,14
6872,14
6873,17
6874,17
6875,15
6876,11
6877,13
6878,17
6879,16
6880,20
6881,22
6882,12
6883,13
6884,17
6885,15
6886,13
6887,20
6888,15
6889,16
6890,19
6891,18
6892,16
6893,11
6894,23
6895,15
6896,14
6897,6
6898,14
6899,19
6900,16
6901,20
6902,20
6903,11
6904,12
6905,14
6906,12
6907,9
6908,17
6909,21
6910,19
6911,23
6912,20
6913,20
6914,14
6915,14
6916,17
6917,22
6918,18
6919,20
6920,20
6921,16
6922,20
6923,10
6924,17
6925,16
6926,13
6927,16
6928,16
6929,12
6930,14
6931,16
6932,14
6933,15
6934,14
6935,14
6936,22
6937,12
6938,21
6939,22
6940,22
6941,16
6942,15
6943,20
6944,13
6945,22
6946,20
6947,19
6948,19
6949,18
6950,19
6951,17
6952,15
6953,20
6954,19
6955,18
6956,14
6957,16
6958,9
6959,9
6960,20
6961,13
6962,18
6963,16
6964,18
6965,11
6966,25
6967,18
6968,20
6969,10
6970,18
6971,18
6972,15
6973,18
6974,19
6975,17
6976,11
6977,7
6978,20
6979,20
6980,18
6981,22
6982,12
6983,25
6984,16
6985,11
6986,15
6987,11
6988,18
6989,10
6990,20
6991,19
6992,15
6993,18
6994,14
6995,14
6996,17
6997,13
6998,10
6999,10
7000,17
7001,19
7002,20
7003,14
7004,18
7005,16
7006,17
7007,9
7008,20
7009,16
7010,20
7011,22
7012,13
7013,14
7014,17
7015,16
7016,22
7017,18
7018,16
7019,21
7020,14
7021,15
7022,20
7023,19
7024,16
7025,10
7026,11
7027,14
7028,11
7029,9
7030,18
7031,16
7032,13
7033,8
7034,17
7035,19
7036,17
7037,17
7038,18
7039,16
7040,11
7041,12
7042,15
7043,14
7044,18
7045,15
7046,17
7047,12
7048,12
7049,23
7050,17
7051,20
7052,17
7053,20
7054,20
7055,17
7056,15
7057,13
7058,14
7059,16
7060,19
7061,17
7062,14
7063,19
7064,16
7065,13
7066,17
7067,15
7068,17
7069,17
7070,21
7071,10
7072,21
7073,13
7074,14
7075,14
7076,22
7077,17
7078,10
7079,19
7080,16
7081,23
7082,17
7083,14
7084,16
7085,12
7086,17
7087,20
7088,15
7089,18
7090,16
7091,20
7092,15
7093,12
7094,18
7095,19
7096,16
7097,12
7098,17
7099,19
7100,21
7101,11
7102,17
7103,14
7104,19
7105,14
7106,15
7107,9
7108,16
7109,13
7110,17
7111,20
7112,18
7113,19
7114,11
7115,20
7116,17
7117,9
7118,18
7119,13
7120,15
7121,16
7122,21
7123,15
7124,19
7125,15
7126,15
7127,18
7128,19
7129,21
7130,17
7131,18
7132,18
7133,15
7134,10
7135,15
7136,10
7137,17
7138,21
7139,14
7140,19
7141,11
7142,12
7143,16
7144,17
7145,17
7146,15
7147,19
7148,17
7149,23
7150,8
7151,16
7152,17
7153,19
7154,19
7155,22
7156,19
7157,17
7158,12
7159,16
7160,14
7161,21
7162,25
7163,14
7164,17
7165,8
7166,18
7167,17
7168,18
7169,19
7170,16
7171,19
7172,12
7173,15
7174,12
7175,20
7176,10
7177,17
7178,14
7179,19
7180,17
7181,14
7182,17
7183,14
7184,19
7185,17
7186,20
7187,13
7188,22
7189,13
7190,19
7191,16
7192,14
7193,19
7194,12
7195,18
7196,19
7197,17
7198,14
7199,17
7200,15
7201,13
7202,11
7203,12
7204,14
7205,17
7206,10
7207,14
7208,21
7209,15
7210,14
7211,12
7212,17
7213,18
7214,18
7215,17
7216,15
7217,12
7218,11
7219,22
7220,15
7221,17
7222,17
7223,16
7224,11
7225,14
7226,20
7227,16
7228,21
7229,13
7230,11
7231,11
7232,17
7233,16
7234,17
7235,17
7236,16
7237,12
7238,17
7239,17
7240,14
7241,11
7242,11
7243,10
7244,15
7245,16
7246,14
7247,13
7248,15
7249,14
7250,15
7251,18
7252,9
7253,17
7254,12
7255,15
7256,17
7257,14
7258,21
7259,18
7260,20
7261,16
7262,19
7263,7
7264,14
7265,17
7266,16
7267,13
7268,17
7269,18
7270,19
7271,15
7272,11
7273,16
7274,15
7275,17
7276,12
7277,15
7278,14
7279,15
7280,19
7281,16
7282,19
7283,19
7284,20
7285,17
7286,19
7287,15
7288,10
7289,18
7290,14
7291,22
7292,13
7293,14
7294,20
7295,17
7296,16
7297,19
7298,17
7299,14
7300,11
7301,18
7302,19
7303,15
7304,15
7305,7
7306,13
7307,16
7308,14
7309,9
7310,18
7311,22
7312,14
7313,16
7314,23
7315,15
7316,19
7317,13
7318,17
7319,14
7320,15
7321,15
7322,23
7323,18
7324,10
7325,23
7326,16
7327,13
7328,10
7329,14
7330,18
7331,10
7332,13
7333,13
7334,17
7335,17
7336,14
7337,20
7338,16
7339,16
7340,17
7341,13
7342,19
7343,19
7344,18
7345,17
7346,18
7347,16
7348,11
7349,16
7350,13
7351,13
7352,18
7353,18
7354,16
7355,11
7356,21
7357,17
7358,14
7359,15
7360,6
7361,17
7362,16
7363,18
7364,11
7365,12
7366,18
7367,13
7368,15
7369,17
7370,13
7371,16
7372,10
7373,18
7374,18
7375,16
7376,16
7377,14
7378,17
7379,20
7380,9
7381,16
7382,14
7383,14
7384,6
7385,13
7386,24
7387,16
7388,18
7389,13
7390,17
7391,21
7392,8
7393,17
7394,26
7395,15
7396,18
7397,22
7398,15
7399,7
7400,16
7401,15
7402,16
7403,11
7404,16
7405,11
7406,17
7407,18
7408,21
7409,16
7410,16
7411,16
7412,11
7413,16
7414,17
7415,12
7416,13
7417,14
7418,21
7419,20
7420,13
7421,25
7422,14
7423,18
7424,16
7425,15
7426,9
7427,18
7428,16
7429,11
7430,13
7431,15
7432,20
7433,12
7434,18
7435,17
7436,19
7437,9
7438,18
7439,15
7440,5
7441,14
7442,18
7443,16
7444,11
7445,15
7446,15
7447,16
7448,12
7449,13
7450,21
7451,10
7452,18
7453,18
7454,17
7455,14
7456,16
7457,23
7458,10
7459,14
7460,18
7461,16
7462,20
7463,18
7464,18
7465,14
7466,17
7467,17
7468,19
7469,13
7470,16
7471,20
7472,14
7473,16
7474,9
7475,14
7476,17
7477,18
7478,18
7479,19
7480,18
7481,17
7482,14
7483,15
7484,12
7485,14
7486,13
7487,21
7488,18
7489,15
7490,19
7491,16
7492,14
7493,15
7494,20
7495,12
7496,12
7497,16
7498,17
7499,16
7500,19
7501,24
7502,11
7503,13
7504,18
7505,20
7506,16
7507,19
7508,18
7509,14
7510,15
7511,9
7512,25
7513,19
7514,14
7515,9
7516,6
7517,17
7518,23
7519,16
7520,14
7521,11
7522,11
7523,4
7524,15
7525,24
7526,16
7527,18
7528,16
7529,15
7530,12
7531,10
7532,15
7533,14
7534,15
7535,14
7536,15
7537,18
7538,19
7539,18
7540,12
7541,19
7542,14
7543,16
7544,21
7545,17
7546,18
7547,19
7548,17
7549,13
7550,19
7551,19
7552,13
7553,11
7554,8
7555,11
7556,17
7557,16
7558,13
7559,13
7560,14
7561,18
7562,16
7563,15
7564,13
7565,12
7566,14
7567,22
7568,15
7569,15
7570,8
7571,17
7572,17
7573,11
7574,19
7575,16
7576,12
7577,17
7578,17
7579,20
7580,13
7581,10
7582,14
7583,17
7584,7
7585,11
7586,16
7587,15
7588,10
7589,11
7590,20
7591,15
7592,14
7593,12
7594,12
7595,20
7596,21
7597,17
7598,9
7599,21
7600,16
7601,15
7602,18
7603,12
7604,18
7605,13
7606,16
7607,14
7608,17
7609,14
7610,12
7611,16
7612,15
7613,11
7614,15
7615,5
7616,18
7617,13
7618,17
7619,18
7620,17
7621,17
7622,19
7623,17
7624,10
7625,18
7626,17
7627,16
7628,14
7629,21
7630,12
7631,6
7632,14
7633,15
7634,16
7635,13
7636,15
7637,19
7638,5
7639,17
7640,12
7641,15
7642,16
7643,14
7644,16
7645,13
7646,21
7647,14
7648,14
7649,19
7650,11
7651,19
7652,20
7653,14
7654,14
7655,14
7656,20
7657,18
7658,17
7659,13
7660,16
7661,14
7662,17
7663,19
7664,16
7665,10
7666,18
7667,13
7668,16
7669,14
7670,14
7671,17
7672,18
7673,15
7674,18
7675,13
7676,16
7677,17
7678,22
7679,15
7680,10
7681,17
7682,17
7683,15
7684,17
7685,20
7686,16
7687,18
7688,16
7689,16
7690,13
7691,23
7692,15
7693,17
7694,17
7695,18
7696,15
7697,20
7698,17
7699,15
7700,15
7701,16
7702,9
7703,10
7704,18
7705,16
7706,17
7707,20
7708,12
7709,24
7710,20
7711,16
7712,15
7713,20
7714,16
7715,17
7716,16
7717,17
7718,18
7719,22
7720,17
7721,11
7722,16
7723,18
7724,11
7725,13
7726,19
7727,22
7728,17
7729,10
7730,14
7731,20
7732,20
7733,21
7734,16
7735,23
7736,17
7737,16
7738,16
7739,15
7740,18
7741,13
7742,13
7743,14
7744,23
7745,10
7746,13
7747,11
7748,15
7749,17
7750,12
7751,24
7752,12
7753,17
7754,18
7755,20
7756,14
7757,17
7758,14
7759,15
7760,14
7761,14
7762,13
7763,9
7764,20
7765,13
7766,11
7767,16
7768,18
7769,12
7770,13
7771,11
7772,18
7773,15
7774,11
7775,15
7776,15
7777,13
7778,11
7779,19
7780,21
7781,12
7782,12
7783,7
7784,21
7785,13
7786,17
7787,9
7788,9
7789,7
7790,15
7791,18
7792,14
7793,8
7794,12
7795,13
7796,15
7797,16
7798,20
7799,14
7800,14
7801,20
7802,16
7803,11
7804,18
7805,15
7806,14
7807,12
7808,14
7809,18
7810,12
7811,25
7812,14
7813,14
7814,18
7815,22
7816,22
7817,23
7818,19
7819,16
7820,19
7821,20
7822,12
7823,24
7824,9
7825,15
7826,18
7827,18
7828,15
7829,13
7830,14
7831,14
7832,22
7833,11
7834,16
7835,17
7836,17
7837,19
7838,17
7839,14
7840,10
7841,19
7842,15
7843,11
7844,13
7845,14
7846,13
7847,13
7848,21
7849,15
7850,12
7851,24
7852,20
7853,8
7854,17
7855,19
7856,11
7857,19
7858,12
7859,16
7860,20
7861,23
7862,11
7863,19
7864,12
7865,17
7866,18
7867,11
7868,22
7869,18
7870,17
7871,9
7872,13
7873,15
7874,15
7875,15
7876,23
7877,9
7878,13
7879,15
7880,14
7881,15
7882,17
7883,19
7884,16
7885,14
7886,15
7887,16
7888,17
7889,16
7890,17
7891,13
7892,16
7893,11
7894,21
7895,15
7896,18
7897,14
7898,15
7899,14
7900,11
7901,10
7902,10
7903,17
7904,20
7905,11
7906,19
7907,11
7908,15
7909,21
7910,14
7911,15
7912,11
7913,9
7914,18
7915,20
7916,17
7917,11
7918,17
7919,12
7920,33
7921,17
7922,10
7923,15
7924,12
7925,15
7926,17
7927,20
7928,15
7929,15
7930,14
7931,11
7932,15
7933,19
7934,8
7935,15
7936,18
7937,18
7938,20
7939,15
7940,15
7941,15
7942,10
7943,15
7944,13
7945,13
7946,19
7947,14
7948,15
7949,15
7950,13
7951,16
7952,18
7953,18
7954,16
7955,15
7956,9
7957,11
7958,16
7959,17
7960,24
7961,13
7962,11
7963,25
7964,15
7965,13
7966,21
7967,16
7968,18
7969,20
7970,21
7971,13
7972,21
7973,11
7974,11
7975,18
7976,18
7977,21
7978,15
7979,16
7980,14
7981,14
7982,22
7983,11
7984,14
7985,11
7986,10
7987,18
7988,8
7989,14
7990,9
7991,17
7992,14
7993,8
7994,18
7995,22
7996,10
7997,14
7998,16
7999,12
8000,13
8001,12
8002,17
8003,15
8004,14
8005,14
8006,10
8007,12
8008,21
8009,14
8010,14
8011,13
8012,18
8013,22
8014,12
8015,10
8016,11
8017,12
8018,17
8019,13
8020,19
8021,22
8022,11
8023,6
8024,20
8025,14
8026,14
8027,14
8028,13
8029,14
8030,18
8031,20
8032,12
8033,10
8034,10
8035,13
8036,12
8037,9
8038,19
8039,20
8040,15
8041,17
8042,15
8043,16
8044,10
8045,14
8046,11
8047,16
8048,14
8049,20
8050,20
8051,8
8052,14
8053,11
8054,13
8055,10
8056,17
8057,18
8058,19
8059,11
8060,14
8061,20
8062,18
8063,11
8064,15
8065,20
8066,20
8067,11
8068,15
8069,25
8070,14
8071,6
8072,8
8073,14
8074,20
8075,9
8076,22
8077,16
8078,14
8079,13
8080,12
8081,18
8082,18
8083,25
8084,16
8085,15
8086,20
8087,17
8088,17
8089,11
8090,19
8091,14
8092,17
8093,15
8094,20
8095,12
8096,19
8097,7
8098,13
8099,18
8100,16
8101,9
8102,12
8103,16
8104,32
8105,16
8106,15
8107,14
8108,19
8109,13
8110,10
8111,14
8112,23
8113,19
8114,14
8115,16
8116,17
8117,17
8118,13
8119,17
8120,17
8121,9
8122,18
8123,21
8124,12
8125,16
8126,13
8127,20
8128,12
8129,16
8130,12
8131,11
8132,14
8133,11
8134,12
8135,21
8136,15
8137,12
8138,15
8139,15
8140,16
8141,22
8142,11
8143,13
8144,19
8145,23
8146,22
8147,15
8148,18
8149,21
8150,11
8151,15
8152,15
8153,18
8154,15
8155,24
8156,13
8157,23
8158,20
8159,17
8160,14
8161,19
8162,15
8163,20
8164,14
8165,19
8166,21
8167,17
8168,21
8169,12
8170,11
8171,14
8172,18
8173,16
8174,14
8175,16
8176,19
8177,16
8178,14
8179,15
8180,11
8181,12
8182,16
8183,18
8184,16
8185,22
8186,15
8187,14
8188,20
8189,15
8190,20
8191,11
8192,15
8193,13
8194,19
8195,16
8196,15
8197,14
8198,22
8199,15
8200,22
8201,20
8202,16
8203,19
8204,16
8205,13
8206,13
8207,19
8208,9
8209,12
8210,20
8211,19
8212,14
8213,14
8214,16
8215,26
8216,16
8217,15
8218,16
8219,15
8220,16
8221,12
8222,11
8223,22
8224,9
8225,21
8226,12
8227,17
8228,8
8229,16
8230,9
8231,15
8232,13
8233,12
8234,25
8235,13
8236,21
8237,16
8238,14
8239,13
8240,15
8241,22
8242,12
8243,20
8244,17
8245,17
8246,16
8247,14
8248,17
8249,19
8250,20
8251,13
8252,24
8253,20
8254,16
8255,20
8256,15
8257,22
8258,16
8259,15
8260,19
8261,23
8262,7
8263,17
8264,13
8265,11
8266,11
8267,12
8268,15
8269,16
8270,13
8271,18
8272,13
8273,11
8274,16
8275,20
8276,21
8277,15
8278,17
8279,14
8280,11
8281,15
8282,11
8283,21
8284,21
8285,13
8286,17
8287,15
8288,13
8289,17
8290,18
8291,15
8292,12
8293,20
8294,16
8295,19
8296,14
8297,19
8298,19
8299,14
8300,20
8301,18
8302,15
8303,11
8304,10
8305,15
8306,13
8307,16
8308,16
8309,18
8310,13
8311,8
8312,14
8313,12
8314,15
8315,18
8316,14
8317,7
8318,16
8319,16
8320,21
8321,23
8322,13
8323,12
8324,18
8325,15
8326,24
8327,21
8328,11
8329,18
8330,10
8331,17
8332,12
8333,18
8334,10
8335,19
8336,16
8337,21
8338,14
8339,15
8340,21
8341,16
8342,18
8343,22
8344,20
8345,14
8346,17
8347,19
8348,14
8349,21
8350,15
8351,18
8352,16
8353,15
8354,17
8355,14
8356,11
8357,19
8358,20
8359,18
8360,12
8361,19
8362,17
8363,16
8364,10
8365,18
8366,22
8367,18
8368,15
8369,16
8370,18
8371,18
8372,15
8373,15
8374,19
8375,25
8376,13
8377,18
8378,20
8379,20
8380,19
8381,18
8382,18
8383,15
8384,15
8385,22
8386,13
8387,11
8388,17
8389,14
8390,18
8391,13
8392,21
8393,22
8394,22
8395,21
8396,18
8397,11
8398,23
8399,20
8400,22
8401,6
8402,11
8403,15
8404,11
8405,14
8406,11
8407,17
8408,18
8409,14
8410,11
8411,12
8412,20
8413,18
8414,19
8415,10
8416,15
8417,17
8418,15
8419,16
8420,21
8421,22
8422,21
8423,17
8424,15
8425,22
8426,17
8427,15
8428,11
8429,9
8430,19
8431,15
8432,14
8433,13
8434,18
8435,16
8436,21
8437,9
8438,11
8439,18
8440,15
8441,16
8442,18
8443,15
8444,21
8445,13
8446,18
8447,18
8448,13
8449,22
8450,23
8451,16
8452,11
8453,11
8454,10
8455,14
8456,14
8457,20
8458,15
8459,16
8460,14
8461,17
8462,16
8463,14
8464,22
8465,16
8466,11
8467,15
8468,11
8469,16
8470,18
8471,9
8472,13
8473,20
8474,16
8475,19
8476,17
8477,19
8478,9
8479,19
8480,14
8481,18
8482,18
8483,19
8484,21
8485,23
8486,13
8487,13
8488,13
8489,19
8490,16
8491,17
8492,23
8493,18
8494,8
8495,15
8496,22
8497,23
8498,16
8499,11
8500,23
8501,17
8502,13
8503,21
8504,16
8505,4
8506,11
8507,18
8508,11
8509,21
8510,15
8511,12
8512,21
8513,14
8514,10
8515,23
8516,17
8517,14
8518,15
8519,21
8520,18
8521,14
8522,13
8523,19
8524,21
8525,19
8526,18
8527,17
8528,20
8529,18
8530,11
8531,16
8532,12
8533,17
8534,19
8535,17
8536,15
8537,14
8538,8
8539,14
8540,17
8541,15
8542,16
8543,18
8544,12
8545,17
8546,13
8547,20
8548,16
8549,18
8550,20
8551,17
8552,17
8553,16
8554,21
8555,13
8556,16
8557,19
8558,13
8559,10
8560,16
8561,19
8562,15
8563,21
8564,12
8565,16
8566,18
8567,20
8568,16
8569,10
8570,19
8571,19
8572,20
8573,14
8574,17
8575,19
8576,20
8577,20
8578,22
8579,8
8580,17
8581,18
8582,20
8583,15
8584,18
8585,12
8586,15
8587,20
8588,18
8589,12
8590,8
8591,18
8592,14
8593,15
8594,12
8595,14
8596,17
8597,20
8598,21
8599,16
8600,17
8601,15
8602,18
8603,21
8604,12
8605,15
8606,16
8607,18
8608,15
8609,16
8610,19
8611,7
8612,12
8613,19
8614,17
8615,13
8616,20
8617,18
8618,12
8619,13
8620,21
8621,15
8622,19
8623,23
8624,13
8625,15
8626,19
8627,16
8628,19
8629,16
8630,16
8631,16
8632,15
8633,12
8634,17
8635,13
8636,23
8637,21
8638,11
8639,13
8640,13
8641,23
8642,23
8643,20
8644,21
8645,25
8646,10
8647,16
8648,15
8649,15
8650,12
8651,15
8652,18
8653,19
8654,18
8655,18
8656,11
8657,16
8658,18
8659,13
8660,19
8661,11
8662,18
8663,19
8664,20
8665,17
8666,10
8667,18
8668,16
8669,13
8670,21
8671,16
8672,19
8673,17
8674,17
8675,15
8676,16
8677,18
8678,20
8679,18
8680,23
8681,19
8682,17
8683,19
8684,15
8685,17
8686,8
8687,18
8688,14
8689,14
8690,17
8691,20
8692,10
8693,11
8694,24
8695,15
8696,16
8697,17
8698,16
8699,13
8700,16
8701,18
8702,6
8703,15
8704,16
8705,21
8706,17
8707,15
8708,18
8709,14
8710,16
8711,19
8712,17
8713,15
8714,17
8715,11
8716,20
8717,14
8718,15
8719,20
8720,12
8721,18
8722,15
8723,17
8724,21
8725,15
8726,14
8727,20
8728,18
8729,17
8730,16
8731,17
8732,21
8733,15
8734,18
8735,10
8736,15
8737,15
8738,19
8739,16
8740,13
8741,20
8742,11
8743,17
8744,16
8745,12
8746,19
8747,17
8748,22
8749,14
8750,16
8751,12
8752,20
8753,16
8754,15
8755,20
8756,22
8757,17
8758,16
8759,12
8760,14
8761,19
8762,13
8763,18
8764,19
8765,11
8766,17
8767,16
8768,20
8769,18
8770,10
8771,18
8772,20
8773,11
8774,20
8775,20
8776,19
8777,16
8778,15
8779,22
8780,16
8781,19
8782,12
8783,12
8784,18
8785,16
8786,14
8787,23
8788,18
8789,14
8790,20
8791,18
8792,15
8793,12
8794,13
8795,23
8796,15
8797,18
8798,13
8799,20
8800,14
8801,15
8802,18
8803,15
8804,17
8805,20
8806,10
8807,18
8808,16
8809,21
8810,13
8811,18
8812,14
8813,17
8814,15
8815,8
8816,22
8817,14
8818,18
8819,14
8820,20
8821,13
8822,21
8823,26
8824,22
8825,13
8826,9
8827,21
8828,15
8829,11
8830,18
8831,17
8832,13
8833,12
8834,20
8835,19
8836,24
8837,16
8838,16
8839,22
8840,15
8841,12
8842,14
8843,19
8844,15
8845,19
8846,17
8847,14
8848,27
8849,16
8850,20
8851,20
8852,15
8853,16
8854,17
8855,21
8856,24
8857,16
8858,14
8859,14
8860,11
8861,24
8862,15
8863,31
8864,14
8865,23
8866,12
8867,10
8868,18
8869,15
8870,4
8871,15
8872,20
8873,17
8874,25
8875,14
8876,13
8877,21
8878,22
8879,18
8880,15
8881,26
8882,12
8883,16
8884,10
8885,22
8886,16
8887,11
8888,14
8889,21
8890,21
8891,23
8892,16
8893,16
8894,24
8895,15
8896,10
8897,20
8898,15
8899,18
8900,16
8901,17
8902,14
8903,16
8904,19
8905,15
8906,19
8907,24
8908,15
8909,22
8910,21
8911,17
8912,21
8913,19
8914,12
8915,21
8916,19
8917,17
8918,21
8919,10
8920,16
8921,21
8922,16
8923,21
8924,19
8925,24
8926,25
8927,14
8928,26
8929,20
8930,10
8931,7
8932,13
8933,12
8934,19
8935,13
8936,12
8937,23
8938,18
8939,15
8940,18
8941,24
8942,16
8943,16
8944,16
8945,15
8946,26
8947,14
8948,26
8949,9
8950,21
8951,16
8952,15
8953,20
8954,20
8955,19
8956,13
8957,17
8958,16
8959,10
8960,12
8961,22
8962,19
8963,14
8964,19
8965,19
8966,21
8967,19
8968,15
8969,15
8970,10
8971,14
8972,16
8973,17
8974,19
8975,19
8976,13
8977,16
8978,20
8979,14
8980,12
8981,15
8982,24
8983,20
8984,25
8985,11
8986,17
8987,23
8988,13
8989,19
8990,24
8991,19
8992,17
8993,19
8994,19
8995,15
8996,22
8997,12
8998,22
8999,13
9000,14
9001,20
9002,23
9003,17
9004,19
9005,17
9006,15
9007,21
9008,19
9009,23
9010,22
9011,13
9012,11
9013,22
9014,20
9015,14
9016,23
9017,21
9018,13
9019,13
9020,12
9021,17
9022,18
9023,14
9024,10
9025,22
9026,18
9027,12
9028,13
9029,18
9030,16
9031,16
9032,16
9033,22
9034,15
9035,21
9036,21
9037,30
9038,20
9039,15
9040,14
9041,10
9042,12
9043,9
9044,17
9045,20
9046,18
9047,23
9048,23
9049,22
9050,21
9051,17
9052,19
9053,10
9054,13
9055,10
9056,18
9057,11
9058,12
9059,12
9060,18
9061,22
9062,21
9063,16
9064,21
9065,19
9066,24
9067,17
9068,19
9069,21
9070,21
9071,23
9072,15
9073,17
9074,21
9075,22
9076,8
9077,13
9078,30
9079,11
9080,19
9081,13
9082,25
9083,15
9084,19
9085,18
9086,13
9087,10
9088,21
9089,19
9090,17
9091,22
9092,20
9093,15
9094,20
9095,19
9096,7
9097,17
9098,27
9099,15
9100,22
9101,22
9102,13
9103,22
9104,22
9105,16
9106,14
9107,8
9108,21
9109,23
9110,14
9111,22
9112,26
9113,24
9114,15
9115,30
9116,11
9117,7
9118,14
9119,21
9120,13
9121,21
9122,27
9123,20
9124,21
9125,11
9126,22
9127,15
9128,17
9129,23
9130,8
9131,20
9132,30
9133,25
9134,14
9135,20
9136,26
9137,24
9138,12
9139,18
9140,5
9141,25
9142,14
9143,18
9144,15
9145,13
9146,27
9147,22
9148,11
9149,19
9150,19
9151,23
9152,21
9153,17
9154,12
9155,10
9156,13
9157,22
9158,20
9159,19
9160,8
9161,24
9162,21
9163,12
9164,13
9165,22
9166,10
9167,14
9168,21
9169,17
9170,15
9171,12
9172,19
9173,12
9174,17
9175,17
9176,20
9177,17
9178,10
9179,25
9180,22
9181,23
9182,18
9183,9
9184,22
9185,19
9186,23
9187,14
9188,24
9189,27
9190,24
9191,25
9192,24
9193,11
9194,21
9195,15
9196,23
9197,14
9198,23
9199,19
9200,26
9201,20
9202,18
9203,21
9204,15
9205,14
9206,22
9207,25
9208,14
9209,16
9210,15
9211,17
9212,24
9213,20
9214,16
9215,20
9216,13
9217,22
9218,26
9219,16
9220,15
9221,26
9222,14
9223,25
9224,22
9225,13
9226,16
9227,14
9228,15
9229,19
9230,14
9231,10
9232,12
9233,23
9234,13
9235,14
9236,11
9237,13
9238,18
9239,16
9240,18
9241,16
9242,16
9243,8
9244,22
9245,13
9246,17
9247,12
9248,17
9249,12
9250,21
9251,23
9252,21
9253,18
9254,20
9255,25
9256,21
9257,14
9258,13
9259,13
9260,15
9261,18
9262,17
9263,16
9264,11
9265,14
9266,14
9267,13
9268,20
9269,17
9270,12
9271,19
9272,17
9273,29
9274,16
9275,10
9276,19
9277,15
9278,20
9279,12
9280,11
9281,18
9282,21
9283,15
9284,10
9285,19
9286,13
9287,15
9288,10
9289,9
9290,14
9291,16
9292,21
9293,22
9294,19
9295,17
9296,11
9297,14
9298,13
9299,21
9300,15
9301,15
9302,16
9303,18
9304,9
9305,16
9306,19
9307,11
9308,11
9309,8
9310,18
9311,19
9312,19
9313,17
9314,10
9315,15
9316,24
9317,19
9318,14
9319,18
9320,7
9321,18
9322,10
9323,18
9324,14
9325,16
9326,18
9327,19
9328,20
9329,17
9330,16
9331,33
9332,10
9333,18
9334,19
9335,12
9336,13
9337,19
9338,16
9339,17
9340,18
9341,17
9342,15
9343,11
9344,16
9345,21
9346,17
9347,16
9348,21
9349,19
9350,16
9351,32
9352,23
9353,16
9354,19
9355,13
9356,10
9357,16
9358,17
9359,26
9360,18
9361,16
9362,18
9363,18
9364,11
9365,16
9366,9
9367,15
9368,13
9369,14
9370,11
9371,20
9372,23
9373,18
9374,12
9375,23
9376,17
9377,19
9378,15
9379,12
9380,18
9381,13
9382,18
9383,19
9384,17
9385,23
9386,15
9387,15
9388,13
9389,16
9390,14
9391,16
9392,15
9393,8
9394,9
9395,13
9396,16
9397,10
9398,15
9399,19
9400,18
9401,21
9402,16
9403,20
9404,18
9405,16
9406,17
9407,9
9408,10
9409,17
9410,16
9411,19
9412,20
9413,16
9414,15
9415,16
9416,19
9417,18
9418,10
9419,33
9420,16
9421,17
9422,20
9423,19
9424,17
9425,13
9426,15
9427,19
9428,13
9429,20
9430,17
9431,14
9432,16
9433,15
9434,19
9435,22
9436,16
9437,6
9438,15
9439,13
9440,20
9441,7
9442,14
9443,15
9444,25
9445,18
9446,15
9447,16
9448,10
9449,16
9450,20
9451,11
9452,14
9453,15
9454,14
9455,8
9456,19
9457,8
9458,13
9459,20
9460,22
9461,19
9462,16
9463,14
9464,18
9465,11
9466,21
9467,12
9468,18
9469,19
9470,16
9471,13
9472,14
9473,19
9474,11
9475,20
9476,19
9477,22
9478,17
9479,19
9480,13
9481,12
9482,17
9483,20
9484,13
9485,16
9486,19
9487,13
9488,19
9489,11
9490,16
9491,14
9492,16
9493,14
9494,21
9495,21
9496,16
9497,19
9498,17
9499,7
9500,20
9501,14
9502,17
9503,16
9504,12
9505,16
9506,27
9507,13
9508,15
9509,6
9510,18
9511,14
9512,16
9513,20
9514,16
9515,17
9516,14
9517,14
9518,14
9519,10
9520,21
9521,14
9522,18
9523,15
9524,12
9525,14
9526,16
9527,21
9528,17
9529,19
9530,16
9531,9
9532,13
9533,20
9534,21
9535,16
9536,18
9537,13
9538,20
9539,14
9540,19
9541,6
9542,12
9543,16
9544,15
9545,21
9546,14
9547,11
9548,17
9549,16
9550,12
9551,16
9552,17
9553,7
9554,16
9555,17
9556,22
9557,11
9558,19
9559,12
9560,17
9561,20
9562,16
9563,19
9564,18
9565,20
9566,14
9567,20
9568,19
9569,15
9570,9
9571,14
9572,21
9573,19
9574,18
9575,12
9576,19
9577,15
9578,16
9579,15
9580,22
9581,20
9582,16
9583,21
9584,18
9585,16
9586,15
9587,15
9588,27
9589,16
9590,12
9591,14
9592,16
9593,18
9594,18
9595,9
9596,21
9597,17
9598,14
9599,20
9600,20
9601,17
9602,20
9603,14
9604,8
9605,17
9606,13
9607,9
9608,14
9609,19
9610,11
9611,16
9612,16
9613,17
9614,17
9615,17
9616,21
9617,19
9618,17
9619,18
9620,12
9621,19
9622,16
9623,12
9624,21
9625,20
9626,14
9627,16
9628,13
9629,16
9630,13
9631,16
9632,11
9633,14
9634,17
9635,18
9636,19
9637,19
9638,9
9639,27
9640,13
9641,16
9642,20
9643,18
9644,13
9645,16
9646,13
9647,14
9648,19
9649,19
9650,10
9651,11
9652,18
9653,18
9654,10
9655,16
9656,9
9657,15
9658,24
9659,20
9660,18
9661,15
9662,15
9663,14
9664,23
9665,16
9666,11
9667,15
9668,18
9669,20
9670,17
9671,16
9672,15
9673,12
9674,13
9675,20
9676,13
9677,14
9678,12
9679,19
9680,22
9681,16
9682,14
9683,17
9684,18
9685,15
9686,17
9687,14
9688,14
9689,14
9690,11
9691,14
9692,18
9693,16
9694,12
9695,19
9696,18
9697,23
9698,21
9699,14
9700,13
9701,14
9702,14
9703,14
9704,18
9705,19
9706,13
9707,8
9708,17
9709,19
9710,16
9711,15
9712,14
9713,18
9714,15
9715,12
9716,15
9717,12
9718,21
9719,13
9720,21
9721,17
9722,20
9723,20
9724,10
9725,24
9726,10
9727,16
9728,16
9729,21
9730,17
9731,15
9732,17
9733,11
9734,14
9735,20
9736,18
9737,14
9738,20
9739,15
9740,13
9741,16
9742,16
9743,14
9744,15
9745,20
9746,11
9747,21
9748,17
9749,15
9750,17
9751,18
9752,11
9753,13
9754,16
9755,9
9756,16
9757,20
9758,14
9759,16
9760,15
9761,15
9762,11
9763,22
9764,11
9765,18
9766,15
9767,16
9768,20
9769,12
9770,11
9771,17
9772,13
9773,18
9774,11
9775,15
9776,26
9777,6
9778,15
9779,19
9780,18
9781,17
9782,7
9783,15
9784,16
9785,7
9786,18
9787,16
9788,13
9789,20
9790,19
9791,21
9792,15
9793,18
9794,14
9795,17
9796,16
9797,15
9798,19
9799,15
9800,15
9801,14
9802,15
9803,25
9804,9
9805,21
9806,10
9807,17
9808,20
9809,14
9810,17
9811,14
9812,13
9813,13
9814,16
9815,10
9816,11
9817,19
9818,13
9819,15
9820,13
9821,19
9822,18
9823,21
9824,18
9825,15
9826,21
9827,22
9828,14
9829,19
9830,14
9831,17
9832,17
9833,13
9834,21
9835,15
9836,13
9837,20
9838,10
9839,16
9840,14
9841,19
9842,9
9843,12
9844,12
9845,15
9846,16
9847,21
9848,12
9849,22
9850,8
9851,20
9852,16
9853,21
9854,16
9855,19
9856,17
9857,8
9858,16
9859,13
9860,17
9861,14
9862,23
9863,14
9864,19
9865,14
9866,20
9867,14
9868,18
9869,27
9870,13
9871,20
9872,14
9873,17
9874,17
9875,10
9876,13
9877,12
9878,16
9879,18
9880,16
9881,21
9882,17
9883,21
9884,16
9885,18
9886,15
9887,13
9888,17
9889,18
9890,15
9891,17
9892,14
9893,17
9894,19
9895,18
9896,15
9897,15
9898,26
9899,22
9900,20
9901,16
9902,15
9903,13
9904,23
9905,14
9906,15
9907,16
9908,3
9909,13
9910,12
9911,13
9912,21
9913,9
9914,22
9915,13
9916,15
9917,15
9918,15
9919,16
9920,22
9921,19
9922,14
9923,18
9924,14
9925,15
9926,22
9927,19
9928,11
9929,14
9930,15
9931,13
9932,16
9933,13
9934,13
9935,15
9936,21
9937,19
9938,13
9939,13
9940,16
9941,10
9942,15
9943,17
9944,10
9945,13
9946,13
9947,21
9948,20
9949,22
9950,17
9951,17
9952,22
9953,19
9954,19
9955,16
9956,15
9957,14
9958,9
9959,16
9960,17
9961,20
9962,15
9963,13
9964,14
9965,15
9966,13
9967,17
9968,22
9969,16
9970,10
9971,21
9972,19
9973,14
9974,13
9975,20
9976,18
9977,14
9978,14
9979,25
9980,22
9981,15
9982,14
9983,5
9984,15
9985,23
9986,24
9987,9
9988,20
9989,21
9990,17
9991,21
9992,13
9993,18
9994,23
9995,9
9996,17
9997,15
9998,20
9999,22
10000,10
